,Year,Mnth,09480000 prcp(mm/day),11151300 prcp(mm/day),10172700 prcp(mm/day),08194200 prcp(mm/day),08267500 prcp(mm/day),06154410 prcp(mm/day),02235200 prcp(mm/day),02177000 prcp(mm/day),07315200 prcp(mm/day),12041200 prcp(mm/day),10259000 prcp(mm/day)
0,1980,1,0.7035483870967741,4.206774193548387,5.035483870967742,0.4116129032258065,3.07,0.3716129032258065,2.9603225806451614,6.873225806451613,1.0229032258064517,11.808709677419357,7.953225806451614
1,1980,2,2.0079310344827586,6.189310344827587,4.240689655172414,0.7086206896551726,2.7006896551724138,0.3055172413793103,1.1544827586206898,2.252413793103448,1.4706896551724138,21.214482758620687,11.994827586206897
2,1980,3,0.8177419354838709,2.0022580645161288,2.533225806451613,0.12322580645161291,1.9009677419354836,0.6980645161290323,2.869677419354839,14.254516129032258,0.67,12.067741935483872,3.6274193548387097
3,1980,4,0.044333333333333336,1.5899999999999999,0.6873333333333332,0.04566666666666667,1.8376666666666666,0.6663333333333334,4.307666666666667,7.418666666666667,0.4043333333333333,12.139666666666663,0.7546666666666667
4,1980,5,0.0,0.21258064516129033,2.8764516129032254,2.3290322580645157,2.326774193548387,1.1761290322580646,3.851935483870968,6.647096774193548,4.5035483870967745,6.9399999999999995,0.02967741935483871
5,1980,6,0.756,0.0,0.028666666666666667,0.03266666666666666,0.0,2.3336666666666663,4.362333333333333,4.494333333333333,1.3753333333333333,4.300333333333333,0.0
6,1980,7,1.6896774193548387,0.21516129032258063,0.001935483870967742,0.39,1.0264516129032257,0.39741935483870966,6.041290322580646,1.3516129032258064,0.05967741935483871,2.393548387096774,0.0
7,1980,8,4.2061290322580644,0.0,0.3361290322580645,4.452258064516128,2.766451612903226,0.9987096774193549,4.772258064516129,1.994516129032258,0.12032258064516128,3.443225806451612,0.0
8,1980,9,1.1286666666666667,0.0,1.748,1.242,0.648,0.3233333333333333,3.311,6.739999999999999,7.104,8.238666666666667,0.0
9,1980,10,0.0,0.0,0.9048387096774194,0.14419354838709678,1.8806451612903226,1.3535483870967742,1.2841935483870968,3.356451612903226,1.3496774193548389,5.202258064516128,0.29
10,1980,11,0.002,0.115,0.9256666666666666,2.4016666666666664,0.637,0.21,3.721333333333334,4.060333333333333,1.591,26.31566666666667,0.0
11,1980,12,0.4090322580645161,1.1077419354838711,0.25387096774193546,0.21258064516129033,0.09709677419354838,0.40677419354838706,0.5838709677419354,0.7264516129032259,1.511935483870968,22.99935483870968,1.5667741935483872
12,1981,1,1.2970967741935482,3.6051612903225805,0.7238709677419355,1.6716129032258067,0.33709677419354844,0.28258064516129033,0.2761290322580645,0.9883870967741936,0.09032258064516129,8.43741935483871,2.673548387096774
13,1981,2,1.1842857142857144,1.4521428571428572,0.9010714285714286,0.39999999999999997,0.13714285714285715,0.09178571428571428,3.7789285714285716,7.250357142857143,2.152857142857143,15.406785714285714,1.8625000000000003
14,1981,3,2.5890322580645164,4.111935483870968,2.232258064516129,1.917741935483871,2.063225806451613,0.4687096774193549,2.7496774193548386,3.675483870967742,2.7319354838709677,8.249677419354837,2.380322580645161
15,1981,4,0.31666666666666665,0.6950000000000001,1.6836666666666666,2.4650000000000003,1.053,0.2353333333333333,0.0,2.836666666666667,2.5733333333333333,13.484666666666666,0.262
16,1981,5,0.42387096774193544,0.0,2.8841935483870973,5.703548387096776,1.9606451612903226,5.560322580645161,1.365483870967742,7.701935483870967,5.211290322580646,5.543225806451613,0.46
17,1981,6,0.39299999999999996,0.0,0.054000000000000006,5.365666666666667,1.4803333333333333,3.1943333333333332,4.41,3.1546666666666665,2.4836666666666662,7.881333333333333,0.0
18,1981,7,6.726451612903225,0.0,0.25548387096774194,1.4183870967741938,3.9564516129032254,2.14516129032258,7.800645161290322,4.319999999999999,0.08225806451612902,2.561935483870968,0.0
19,1981,8,1.6187096774193548,0.0,0.6206451612903227,1.6738709677419354,4.090967741935484,0.5335483870967742,7.566451612903226,1.202258064516129,0.7887096774193549,1.3325806451612905,0.0
20,1981,9,1.5063333333333335,0.0,2.3370000000000006,0.03033333333333333,1.227,0.6993333333333334,2.741,4.300666666666666,2.654333333333333,8.007666666666667,0.7366666666666667
21,1981,10,1.3090322580645164,0.9122580645161291,3.536451612903227,3.2961290322580643,1.245806451612903,2.588709677419355,1.8612903225806452,4.266774193548387,12.571935483870966,13.311612903225804,0.12258064516129032
22,1981,11,0.544,3.506333333333333,0.9946666666666666,0.0,1.1189999999999998,0.16366666666666668,2.0180000000000002,3.1090000000000004,1.046,17.709333333333333,0.8796666666666667
23,1981,12,0.0,0.8945161290322581,2.1393548387096777,0.1429032258064516,0.6332258064516129,0.2158064516129032,3.3558064516129034,6.527741935483871,0.20258064516129032,20.55774193548388,0.0
24,1982,1,1.5658064516129033,3.0170967741935484,2.1222580645161293,0.0006451612903225806,1.9735483870967743,3.286451612903226,2.105483870967742,8.111290322580645,1.2203225806451612,21.75,6.8909677419354844
25,1982,2,0.25035714285714283,0.9217857142857143,1.237142857142857,2.4035714285714285,1.505357142857143,1.6185714285714288,3.156071428571429,9.641071428571427,1.4339285714285714,22.536785714285717,3.1035714285714286
26,1982,3,0.5812903225806452,5.0690322580645155,4.071612903225807,0.35774193548387095,1.4045161290322579,1.050322580645161,5.430000000000001,2.8906451612903226,1.6016129032258064,12.160645161290324,4.314516129032258
27,1982,4,0.0,3.647,0.5526666666666666,1.539333333333333,0.21533333333333332,0.452,4.821,6.263999999999999,1.926,13.404000000000002,0.9123333333333332
28,1982,5,0.5738709677419356,0.0,1.4519354838709677,3.9835483870967736,2.4803225806451614,6.051935483870968,4.4880645161290325,3.9716129032258065,8.883225806451613,2.1541935483870964,0.4967741935483871
29,1982,6,0.031000000000000003,0.26333333333333336,0.7349999999999999,0.33699999999999997,0.7523333333333333,1.8333333333333333,8.903333333333332,4.431333333333333,6.446333333333333,1.46,0.0
30,1982,7,2.3977419354838707,0.0,1.1980645161290322,0.0,2.6693548387096775,2.233548387096774,6.558064516129033,7.323225806451612,0.7703225806451612,4.631935483870966,0.6832258064516129
31,1982,8,4.1177419354838705,0.0,0.7387096774193548,0.1706451612903226,6.435483870967742,1.0332258064516129,5.516774193548387,4.460645161290322,0.001935483870967742,1.5206451612903227,0.31225806451612903
32,1982,9,2.55,0.8763333333333333,4.936333333333334,0.368,2.78,1.5753333333333333,7.820666666666668,3.3826666666666663,1.635,2.605666666666667,1.438
33,1982,10,0.0,1.1258064516129032,2.4983870967741937,3.0196774193548386,0.47419354838709676,1.5364516129032255,2.904516129032258,4.207741935483871,1.8616129032258062,16.72161290322581,0.4264516129032258
34,1982,11,1.033,3.7856666666666667,2.216,1.8543333333333332,2.6173333333333333,0.02,1.0560000000000003,7.727,2.847,12.732999999999997,3.2790000000000004
35,1982,12,4.036774193548387,3.3677419354838714,1.410967741935484,0.9751612903225806,1.836774193548387,1.9554838709677418,0.9780645161290322,10.063870967741936,2.1232258064516127,19.399354838709677,3.9693548387096773
36,1983,1,2.0138709677419353,6.039354838709677,1.9761290322580642,0.6203225806451613,0.9941935483870968,0.262258064516129,1.966451612903226,3.5990322580645158,1.0161290322580645,19.73612903225807,4.2216129032258065
37,1983,2,1.9971428571428569,5.127499999999999,3.8428571428571425,2.2821428571428575,1.2846428571428572,0.4160714285714286,6.5582142857142856,5.888214285714286,1.323214285714286,25.19285714285715,6.292857142857143
38,1983,3,3.864516129032258,7.086774193548388,2.512903225806452,0.5080645161290323,2.3716129032258064,1.2290322580645159,6.20774193548387,7.21967741935484,1.8951612903225807,20.98290322580646,6.423870967741935
39,1983,4,0.42266666666666663,3.262,1.8426666666666662,0.0,2.2499999999999996,0.17233333333333334,4.174,8.600666666666665,1.8543333333333332,5.637,2.844666666666667
40,1983,5,0.0,0.21838709677419355,2.589677419354839,1.137741935483871,1.790967741935484,2.511612903225806,0.8935483870967743,6.133870967741937,4.159032258064516,3.423225806451613,0.3532258064516129
41,1983,6,0.0,0.0,1.5263333333333333,2.3443333333333336,3.2219999999999995,0.9763333333333333,6.637666666666666,3.1383333333333336,2.743,5.526999999999999,0.0
42,1983,7,2.7664516129032255,0.0,1.4316129032258063,0.5012903225806451,2.2841935483870968,3.086774193548387,3.541935483870968,2.61258064516129,0.38741935483870965,7.324838709677421,0.0
43,1983,8,3.891290322580644,0.22096774193548385,2.7596774193548383,0.681290322580645,3.541935483870968,0.25806451612903225,4.938064516129032,2.371612903225807,1.0338709677419353,1.3209677419354837,4.45741935483871
44,1983,9,5.751333333333333,0.6393333333333333,1.3670000000000002,2.049666666666667,0.7883333333333333,1.7626666666666666,4.492333333333333,6.2940000000000005,0.060333333333333336,4.824666666666666,0.7076666666666667
45,1983,10,2.5251612903225804,0.9403225806451613,0.8606451612903225,0.9587096774193548,1.0483870967741935,0.5696774193548387,4.506774193548387,4.371290322580645,5.516451612903226,6.340967741935484,0.3438709677419355
46,1983,11,1.4660000000000002,3.2806666666666664,4.083666666666667,1.2313333333333332,2.5799999999999996,0.30866666666666664,2.6426666666666665,6.044,1.6863333333333335,30.79666666666666,1.3173333333333332
47,1983,12,1.0925806451612905,3.8612903225806448,4.44258064516129,0.12419354838709677,3.3825806451612896,0.6783870967741936,5.968709677419356,9.685161290322581,0.6438709677419355,12.037741935483872,3.4112903225806446
48,1984,1,1.7000000000000002,0.20709677419354838,0.5925806451612904,0.9258064516129032,0.5280645161290322,0.6777419354838711,1.4148387096774195,4.52483870967742,0.4383870967741935,15.267096774193545,0.0
49,1984,2,0.0,0.7227586206896551,0.9262068965517242,0.08931034482758621,1.4406896551724138,1.3089655172413794,4.059310344827586,8.186551724137932,1.3455172413793102,14.782413793103448,0.0
50,1984,3,0.0,0.8025806451612904,0.9900000000000001,0.006774193548387097,2.645483870967742,2.5577419354838717,1.2206451612903226,5.65483870967742,1.5803225806451613,13.619677419354838,0.0
51,1984,4,0.09166666666666666,0.293,2.6013333333333333,0.0,2.5323333333333333,0.7739999999999999,2.473,7.770333333333332,0.47966666666666663,12.234000000000002,0.3606666666666667
52,1984,5,0.07677419354838709,0.0,0.9490322580645161,3.385483870967742,0.3125806451612903,0.6564516129032258,5.297741935483871,8.24774193548387,1.3616129032258064,12.398709677419351,0.0
53,1984,6,0.8766666666666668,0.0,1.658333333333333,0.024,1.0736666666666665,2.5860000000000003,3.820666666666667,4.139333333333334,1.6513333333333333,3.0686666666666667,0.0
54,1984,7,7.1496774193548385,0.0,1.016774193548387,0.5874193548387097,2.014516129032258,0.00870967741935484,8.243225806451612,9.667096774193547,0.3735483870967741,0.24516129032258066,1.1916129032258067
55,1984,8,6.8435483870967735,0.03580645161290323,1.1958064516129034,0.09322580645161291,5.235806451612904,1.1419354838709677,4.363225806451614,4.531290322580645,2.6074193548387097,1.692258064516129,0.7393548387096774
56,1984,9,1.0743333333333331,0.0,0.9263333333333335,1.2136666666666664,0.632,2.2883333333333336,5.165666666666667,0.13533333333333333,1.44,4.543333333333334,0.29800000000000004
57,1984,10,1.330322580645161,0.5990322580645161,2.8341935483870966,2.375483870967742,4.7383870967741935,0.6503225806451612,0.3264516129032258,4.7461290322580645,6.204838709677419,18.1558064516129,0.5851612903225807
58,1984,11,1.4826666666666668,3.061666666666667,1.5656666666666665,0.194,1.309,0.7766666666666667,1.9130000000000003,5.041666666666667,2.685333333333333,23.885333333333335,0.5786666666666667
59,1984,12,5.5,2.9167741935483873,0.9861290322580645,1.1090322580645162,1.7483870967741937,1.2629032258064516,0.18387096774193548,2.516129032258065,3.5154838709677416,13.387096774193546,5.099677419354838
60,1985,1,2.55741935483871,0.3190322580645161,0.8861290322580645,1.8338709677419354,1.685161290322581,0.03258064516129032,0.7341935483870967,3.75,1.1825806451612901,1.7593548387096776,1.0838709677419356
61,1985,2,1.1714285714285715,0.7675,0.7875,0.7867857142857143,1.217857142857143,0.16142857142857142,0.994642857142857,6.565357142857143,2.744642857142857,13.266428571428566,1.8614285714285717
62,1985,3,0.25709677419354837,2.4567741935483873,1.9574193548387098,1.482258064516129,3.7477419354838712,3.779677419354839,1.633225806451613,1.4370967741935485,4.537419354838709,10.55741935483871,1.2183870967741934
63,1985,4,1.1053333333333333,0.20733333333333331,0.42133333333333334,3.938333333333333,3.164,1.5219999999999998,2.286,3.0986666666666665,2.9606666666666666,10.415000000000001,0.0
64,1985,5,0.0,0.0,3.052903225806451,4.114838709677419,2.252903225806452,2.66,2.1616129032258065,3.9374193548387098,2.6906451612903224,6.099354838709678,0.0
65,1985,6,0.21866666666666665,0.007333333333333333,0.7989999999999999,2.001,1.6536666666666666,0.86,5.936000000000001,3.376666666666667,6.153666666666667,1.835666666666667,0.0
66,1985,7,3.891612903225807,0.010967741935483872,2.4293548387096773,1.1116129032258064,4.089999999999999,0.3880645161290323,7.1574193548387095,7.7632258064516115,0.5277419354838709,0.1996774193548387,0.0
67,1985,8,4.982580645161289,0.0,0.0,0.0364516129032258,1.8593548387096774,4.701935483870967,10.303548387096773,7.771612903225806,1.1300000000000001,3.837096774193548,0.0
68,1985,9,4.195,0.031000000000000003,1.494333333333333,1.343,2.104,2.659,6.619666666666666,0.39433333333333326,2.102333333333333,3.941666666666667,0.9033333333333334
69,1985,10,3.3693548387096772,0.5522580645161289,1.5477419354838708,6.957096774193548,2.8851612903225807,1.8619354838709676,3.775806451612903,4.490322580645162,4.80483870967742,20.69903225806452,0.0803225806451613
70,1985,11,2.326,3.345333333333333,2.583666666666667,1.5873333333333335,1.4143333333333337,1.3453333333333333,1.1133333333333335,8.352,1.203,12.040333333333333,5.2139999999999995
71,1985,12,0.327741935483871,1.0058064516129033,1.7309677419354843,0.03870967741935484,0.3638709677419355,0.30709677419354836,1.4009677419354838,1.6625806451612903,0.5025806451612903,5.405483870967742,0.8990322580645161
72,1986,1,0.43129032258064515,1.9096774193548387,0.8880645161290323,0.8264516129032258,0.3987096774193548,0.4932258064516129,5.951935483870967,1.7748387096774194,0.0,22.57903225806452,1.1551612903225807
73,1986,2,1.9271428571428573,6.867857142857142,2.4803571428571436,0.24357142857142858,0.9796428571428571,1.2589285714285714,2.4621428571428576,2.610357142857143,1.3882142857142858,15.533928571428573,4.623928571428571
74,1986,3,1.8680645161290323,5.000322580645161,3.404193548387097,0.0,1.4038709677419356,0.35161290322580646,2.316774193548387,3.653225806451613,1.2874193548387096,15.67225806451613,3.368387096774194
75,1986,4,0.76,0.827,3.7816666666666667,0.9336666666666666,4.631333333333334,0.9126666666666666,0.5246666666666667,1.345,4.7909999999999995,11.646666666666667,0.16466666666666666
76,1986,5,0.32354838709677425,0.1441935483870968,1.4961290322580647,2.6467741935483864,1.880967741935484,6.888387096774193,1.864516129032258,4.934516129032259,4.874838709677419,9.448709677419355,0.0
77,1986,6,0.8726666666666668,0.0,2.0826666666666664,3.0236666666666663,4.716666666666667,2.1510000000000002,7.405333333333334,2.1130000000000004,4.3790000000000004,3.196333333333333,0.0
78,1986,7,4.191612903225806,0.028064516129032258,0.7054838709677419,0.0,2.9767741935483873,1.854516129032258,6.258064516129033,2.4522580645161285,0.12387096774193548,2.335161290322581,1.2848387096774192
79,1986,8,5.513548387096774,0.0,0.687741935483871,0.0,2.1838709677419352,1.2838709677419353,6.85032258064516,4.455806451612904,0.6083870967741936,0.06451612903225806,0.0
80,1986,9,0.887,0.6556666666666667,2.491333333333334,0.7506666666666667,2.994,6.134666666666667,2.209333333333333,2.882,5.647333333333333,5.690999999999999,1.2033333333333334
81,1986,10,0.5345161290322581,0.0,1.0438709677419356,4.075483870967742,1.4396774193548387,0.42774193548387096,1.2983870967741935,8.43483870967742,4.104838709677419,8.12258064516129,0.41935483870967744
82,1986,11,0.651,0.11433333333333334,0.8386666666666667,1.7956666666666663,1.656,0.717,2.0246666666666666,9.263,2.7063333333333333,22.069000000000003,1.048
83,1986,12,2.3677419354838714,0.5829032258064516,0.0064516129032258064,3.010967741935484,0.855483870967742,0.03225806451612903,2.655806451612903,6.467741935483871,1.522258064516129,14.811612903225809,1.4325806451612901
84,1987,1,0.6383870967741935,2.0429032258064517,1.6158064516129031,0.9351612903225807,2.06,0.03225806451612903,3.4322580645161285,5.393870967741936,1.547741935483871,17.729032258064517,1.7412903225806453
85,1987,2,1.3767857142857143,2.8482142857142856,1.7985714285714285,3.0675,4.307142857142857,0.1392857142857143,4.653928571428572,6.051785714285714,5.077857142857143,14.44142857142857,1.5571428571428572
86,1987,3,0.4116129032258065,2.816451612903225,1.9661290322580647,0.4003225806451613,2.0361290322580645,1.9254838709677418,7.710645161290324,6.3348387096774195,1.0180645161290323,16.123548387096772,1.7006451612903228
87,1987,4,1.1409999999999998,0.2733333333333333,0.5740000000000001,1.2830000000000001,1.3113333333333332,0.451,0.19499999999999998,3.8729999999999998,0.502,9.459666666666667,0.083
88,1987,5,0.5870967741935484,0.2038709677419355,1.8245161290322576,4.5112903225806456,2.425806451612903,2.9393548387096775,2.313870967741935,4.107096774193548,5.239354838709677,6.934838709677418,0.0
89,1987,6,0.08700000000000001,0.005333333333333333,0.014666666666666666,3.3049999999999997,0.6456666666666666,2.7523333333333335,3.618,4.489000000000001,4.263000000000001,2.320333333333333,0.0
90,1987,7,2.077741935483871,0.0,0.7651612903225805,1.3735483870967742,0.4341935483870968,2.3316129032258064,4.466451612903226,4.000967741935484,1.481290322580645,2.7719354838709673,0.0
91,1987,8,5.317096774193548,0.0,2.199677419354839,2.7225806451612904,2.740645161290323,1.480967741935484,2.221290322580645,3.0832258064516127,2.514516129032258,0.3625806451612903,0.0
92,1987,9,1.7983333333333333,0.0,0.07266666666666667,0.23766666666666666,0.26199999999999996,1.044,5.784666666666666,7.160666666666667,2.7820000000000005,1.5303333333333333,0.272
93,1987,10,0.13161290322580646,2.023225806451613,1.3483870967741938,0.19,0.4851612903225806,0.0,2.0677419354838706,0.48193548387096774,0.2954838709677419,1.7096774193548387,2.5238709677419355
94,1987,11,0.2886666666666667,0.8643333333333332,2.199666666666667,0.9043333333333333,1.463,0.071,5.851,4.856999999999999,1.4696666666666667,11.391,2.1599999999999997
95,1987,12,2.389677419354839,3.1232258064516127,1.3206451612903227,0.2974193548387096,1.2925806451612902,0.0,0.7387096774193548,4.435483870967742,4.176451612903226,18.9041935483871,1.462258064516129
96,1988,1,0.9535483870967743,2.622258064516129,1.7912903225806451,0.16419354838709677,1.1451612903225807,0.39193548387096777,4.441935483870967,5.854193548387096,0.19129032258064518,14.01483870967742,2.2625806451612904
97,1988,2,0.17103448275862068,1.6175862068965516,0.14551724137931032,0.6000000000000001,0.653448275862069,0.2713793103448276,1.403448275862069,2.9706896551724133,1.0486206896551726,11.546551724137931,1.8141379310344827
98,1988,3,0.34161290322580645,0.19483870967741937,1.4251612903225805,0.07612903225806451,0.30548387096774193,0.13806451612903223,5.526774193548388,2.6190322580645162,0.8922580645161289,16.55032258064516,0.4406451612903226
99,1988,4,1.863,1.6059999999999997,1.3686666666666667,0.030000000000000002,1.4293333333333333,0.3983333333333334,0.8136666666666666,5.073333333333334,1.731,11.133000000000001,1.418
100,1988,5,0.0,0.2064516129032258,1.48,0.3961290322580645,1.15,3.4377419354838707,2.246451612903226,1.5483870967741933,0.15161290322580645,8.26548387096774,0.1235483870967742
101,1988,6,0.21233333333333335,0.15899999999999997,0.0,0.8133333333333334,3.083333333333334,1.286,5.668666666666668,3.0233333333333334,3.5976666666666666,3.0093333333333336,0.0
102,1988,7,6.701290322580645,0.0,0.0064516129032258064,0.6680645161290323,3.6264516129032254,0.9751612903225807,6.500322580645162,4.698387096774193,2.0061290322580643,2.4003225806451614,0.0
103,1988,8,3.8006451612903227,0.0,0.4045161290322581,1.2448387096774194,4.657741935483871,0.0893548387096774,5.640967741935483,3.7087096774193546,0.13354838709677422,0.8951612903225806,0.3225806451612903
104,1988,9,1.0683333333333331,0.0,0.5976666666666667,1.8299999999999998,2.550333333333333,1.7063333333333333,7.518,4.1946666666666665,3.6733333333333333,6.0809999999999995,0.0
105,1988,10,4.008064516129032,0.0,0.7867741935483871,2.0229032258064517,0.8200000000000001,0.42645161290322575,1.7603225806451612,3.6074193548387097,1.3135483870967741,9.550645161290323,0.0
106,1988,11,0.782,1.451,1.2323333333333333,0.0,1.7023333333333335,0.23566666666666666,4.116666666666666,6.081,1.1366666666666667,22.09133333333334,0.356
107,1988,12,0.5048387096774194,2.945806451612903,1.4429032258064516,0.0,0.7387096774193548,0.5961290322580645,1.0070967741935484,1.6387096774193548,1.2580645161290323,13.935161290322581,2.8067741935483874
108,1989,1,1.1135483870967744,0.6974193548387098,0.3696774193548387,1.4058064516129032,1.2112903225806453,1.4909677419354839,3.0238709677419355,4.160322580645161,1.0848387096774192,15.532903225806454,1.1551612903225807
109,1989,2,0.014642857142857141,1.1957142857142855,1.110714285714286,0.275,3.5121428571428575,1.3003571428571428,0.3710714285714286,7.082142857142857,3.2742857142857145,9.698571428571428,1.8810714285714287
110,1989,3,1.0161290322580645,1.5245161290322582,1.9329032258064516,0.1270967741935484,0.9138709677419354,0.6467741935483873,2.6977419354838714,6.098387096774192,1.2741935483870968,15.075806451612902,1.505483870967742
111,1989,4,0.0,0.31133333333333335,0.6913333333333334,1.735666666666667,0.358,2.213333333333333,2.169,3.7596666666666674,0.42233333333333334,8.256333333333334,0.0
112,1989,5,0.32935483870967747,0.09129032258064516,0.8196774193548387,0.05935483870967742,0.4458064516129032,5.357419354838709,2.7154838709677422,5.784516129032259,8.57258064516129,4.402258064516128,0.012903225806451613
113,1989,6,0.04033333333333333,0.0,0.47000000000000003,2.2470000000000003,1.9486666666666665,2.357666666666667,5.740333333333334,13.128666666666666,7.751666666666668,2.316333333333333,0.0
114,1989,7,2.9222580645161287,0.0,1.026774193548387,0.8354838709677419,3.0590322580645166,0.4612903225806451,4.03,10.498387096774193,1.445483870967742,2.3845161290322583,0.0
115,1989,8,2.196774193548387,0.0,0.9283870967741936,0.5732258064516129,2.3654838709677417,3.6309677419354833,4.640322580645161,4.776451612903225,1.9951612903225806,3.9716129032258065,0.025161290322580646
116,1989,9,0.2866666666666667,1.6789999999999998,0.5603333333333335,1.2793333333333334,2.325666666666667,0.18166666666666667,6.813,7.9719999999999995,4.522333333333334,0.3303333333333333,0.224
117,1989,10,3.222258064516129,1.726451612903226,1.339032258064516,0.18129032258064517,2.2280645161290322,0.4845161290322581,1.923548387096774,6.109677419354839,1.4645161290322581,9.55741935483871,0.027096774193548386
118,1989,11,0.13233333333333333,0.5286666666666666,0.7596666666666666,0.5346666666666666,0.0,1.1553333333333335,1.3016666666666665,4.661666666666666,0.021333333333333333,14.402999999999999,0.0
119,1989,12,0.35258064516129034,0.0,0.1593548387096774,1.2329032258064516,1.1274193548387097,2.105806451612903,4.618387096774193,4.891290322580646,0.33064516129032256,10.350322580645164,0.0
120,1990,1,0.6235483870967742,2.8845161290322583,1.0406451612903225,0.9274193548387096,1.1645161290322579,0.44129032258064516,0.9509677419354837,7.669677419354838,2.652258064516129,19.079032258064515,3.846451612903226
121,1990,2,1.185,2.295714285714286,1.9082142857142859,2.5435714285714286,1.8932142857142857,0.07142857142857142,3.4164285714285714,9.702857142857143,3.755,16.79892857142857,2.3482142857142856
122,1990,3,0.29612903225806453,0.5190322580645161,2.283548387096774,1.807741935483871,2.2096774193548385,1.2790322580645161,1.7109677419354838,9.09032258064516,4.918387096774192,9.64032258064516,0.21741935483870967
123,1990,4,0.266,0.284,1.96,2.1643333333333334,2.298666666666667,1.7736666666666667,2.597,2.6929999999999996,7.690333333333333,6.688666666666666,0.24366666666666667
124,1990,5,0.26870967741935486,0.9932258064516128,1.0058064516129033,0.9919354838709676,1.3106451612903225,3.980967741935484,0.6161290322580645,5.22483870967742,3.8690322580645162,6.008709677419355,0.5922580645161291
125,1990,6,0.9886666666666667,0.0,1.5413333333333337,0.0,0.5723333333333334,1.227,7.184333333333332,0.8619999999999999,2.13,6.913999999999999,0.4193333333333334
126,1990,7,8.083225806451612,0.0,0.30612903225806454,2.7980645161290325,4.510645161290322,1.2358064516129033,5.34774193548387,5.991612903225806,2.9729032258064514,0.8625806451612903,0.3370967741935484
127,1990,8,4.232903225806451,0.0,0.14516129032258066,0.9619354838709677,2.4338709677419357,2.236774193548387,5.720967741935484,4.39741935483871,1.0583870967741935,2.2516129032258068,0.0
128,1990,9,2.3860000000000006,0.3143333333333333,0.331,3.0289999999999995,2.9436666666666667,0.0,2.1266666666666665,4.498333333333333,3.9783333333333335,0.35533333333333333,0.0
129,1990,10,0.7419354838709677,0.0,1.455806451612903,1.0367741935483872,1.0203225806451615,0.011935483870967743,2.88,7.5277419354838715,0.779032258064516,16.715483870967745,0.05451612903225806
130,1990,11,0.418,0.15266666666666667,2.052,2.2706666666666666,2.603333333333333,0.16933333333333334,1.7936666666666667,2.3543333333333334,3.1286666666666667,27.583666666666666,0.0
131,1990,12,1.5409677419354837,0.7367741935483871,1.2441935483870967,0.0,2.5548387096774188,0.2667741935483871,0.17451612903225808,7.54741935483871,0.9296774193548385,16.208387096774196,0.3425806451612903
132,1991,1,1.6170967741935482,0.5045161290322581,0.7364516129032259,0.8554838709677419,0.09838709677419354,0.5612903225806452,2.6522580645161287,5.819677419354838,2.499032258064516,10.920000000000002,1.59
133,1991,2,2.472142857142857,2.4732142857142856,0.9432142857142857,1.6767857142857143,0.4742857142857143,0.7960714285714285,1.281785714285714,3.7550000000000003,0.2967857142857143,17.481071428571425,2.6471428571428572
134,1991,3,2.2638709677419353,9.830000000000002,1.9448387096774191,0.26225806451612904,2.9629032258064516,1.0229032258064517,5.503225806451613,8.428709677419354,1.7283870967741934,7.717096774193546,9.744838709677419
135,1991,4,0.0,0.30866666666666664,2.0663333333333336,0.5216666666666667,0.3363333333333333,4.353999999999999,6.866333333333333,7.093333333333333,0.5036666666666666,9.929999999999998,0.0
136,1991,5,0.0,0.0,2.720967741935484,4.245161290322581,2.632903225806452,3.0919354838709676,6.67516129032258,8.351290322580645,3.2474193548387094,3.47741935483871,0.0
137,1991,6,0.12166666666666666,0.0,0.41933333333333334,1.9969999999999999,2.238333333333333,8.819999999999999,7.947666666666667,6.783,3.7000000000000006,1.7603333333333333,0.0
138,1991,7,1.3658064516129034,0.0,0.2396774193548387,0.10129032258064515,3.2616129032258065,0.5458064516129033,8.85483870967742,7.023225806451613,2.2125806451612906,1.7048387096774194,1.088064516129032
139,1991,8,3.798064516129033,0.03258064516129032,1.6261290322580648,0.2790322580645161,4.494193548387098,1.0580645161290323,3.954516129032258,7.424193548387098,3.7532258064516126,9.613548387096774,0.0
140,1991,9,1.2770000000000001,0.0003333333333333333,2.538333333333333,2.574666666666667,3.0106666666666664,1.2986666666666666,3.6846666666666668,3.044,3.475,0.02333333333333333,0.0
141,1991,10,0.4693548387096774,0.46,1.4364516129032259,0.3870967741935484,0.7929032258064517,0.6803225806451613,3.6299999999999994,0.47419354838709676,4.0035483870967745,2.143548387096774,0.8438709677419355
142,1991,11,0.8623333333333333,0.30966666666666665,2.074333333333333,0.0,3.0773333333333337,0.557,0.4596666666666666,4.7316666666666665,1.1343333333333334,18.27033333333333,0.0
143,1991,12,2.9148387096774195,2.884193548387097,0.574516129032258,4.629677419354839,1.9116129032258065,0.0,0.17516129032258063,6.039677419354838,5.970967741935484,11.328064516129032,1.8577419354838711
144,1992,1,1.6287096774193548,1.7825806451612902,0.4541935483870968,3.1532258064516125,0.7729032258064515,0.0,1.9006451612903223,3.887741935483871,2.330967741935484,23.192580645161293,2.0874193548387097
145,1992,2,1.0151724137931033,6.396551724137931,2.165172413793103,1.8148275862068965,0.9848275862068965,0.33448275862068966,2.8172413793103455,7.003103448275861,1.9113793103448276,9.92655172413793,5.340344827586207
146,1992,3,3.1348387096774197,3.038387096774193,1.1893548387096773,1.9451612903225808,2.873225806451613,0.030000000000000002,3.0445161290322584,6.255806451612903,1.8196774193548388,2.2358064516129033,3.6570967741935485
147,1992,4,0.9523333333333334,0.013666666666666666,0.07333333333333333,2.550666666666667,0.024,0.7846666666666666,1.646,3.3263333333333334,0.7416666666666667,12.991000000000001,0.48200000000000004
148,1992,5,0.7258064516129032,0.0,1.0448387096774194,3.3819354838709677,3.210645161290322,0.45354838709677414,2.1416129032258064,3.9341935483870976,5.718064516129032,1.9061290322580646,0.0
149,1992,6,0.0,0.008,0.17366666666666666,1.908,1.0016666666666665,4.665666666666667,8.754333333333332,8.027,5.947333333333332,2.371666666666667,0.0
150,1992,7,5.31,0.016129032258064516,0.9467741935483871,1.2058064516129032,2.0500000000000003,2.9212903225806452,2.4148387096774195,3.0561290322580645,1.7406451612903227,1.1516129032258062,0.1693548387096774
151,1992,8,4.528709677419355,0.0,0.17129032258064514,0.4658064516129032,2.8570967741935487,0.91,10.739354838709678,11.144838709677419,0.8635483870967742,1.873225806451613,0.0
152,1992,9,1.3270000000000002,0.0,0.6053333333333334,0.9693333333333333,0.519,0.794,4.147666666666666,6.072,3.228,4.126333333333334,0.0
153,1992,10,0.29225806451612907,1.4225806451612903,2.1812903225806455,0.27,0.4209677419354839,1.2280645161290322,4.239354838709677,4.595806451612904,0.17225806451612902,7.2212903225806455,0.9651612903225806
154,1992,11,0.0,0.0,1.351,0.589,1.765,0.7756666666666666,3.211,13.441666666666668,3.898333333333334,11.691333333333334,0.0
155,1992,12,4.053870967741935,5.219677419354839,2.04,1.1241935483870966,1.914516129032258,0.5503225806451614,0.27838709677419354,7.508387096774192,1.8551612903225807,11.668064516129032,5.480967741935483
156,1993,1,7.543225806451613,8.903548387096773,4.236451612903227,0.7887096774193549,1.709032258064516,0.6309677419354839,4.620967741935484,7.7,1.6319354838709679,9.633548387096774,14.243225806451614
157,1993,2,2.0910714285714285,6.041071428571429,2.9332142857142856,1.265,2.403571428571428,0.6114285714285714,3.5710714285714285,4.902857142857142,2.6275,0.6910714285714287,7.4196428571428585
158,1993,3,0.6612903225806451,2.7435483870967743,1.8770967741935483,1.5206451612903227,1.6541935483870969,0.545483870967742,4.422903225806452,7.3845161290322565,2.388387096774194,12.811290322580644,1.4838709677419355
159,1993,4,0.0,0.04666666666666666,0.44200000000000006,1.0496666666666667,1.5356666666666667,1.5219999999999998,1.1146666666666667,5.025666666666665,2.2253333333333334,14.209333333333332,0.0
160,1993,5,0.20903225806451614,0.18774193548387094,1.8116129032258064,2.826451612903226,2.39,1.1641935483870969,3.1151612903225807,5.153225806451614,3.651935483870968,9.459354838709675,0.0
161,1993,6,0.0,0.19066666666666668,2.0923333333333334,3.9006666666666674,0.0,4.923333333333333,2.9783333333333335,2.05,2.7913333333333337,6.440999999999999,0.34700000000000003
162,1993,7,1.8074193548387094,0.0,0.4429032258064516,0.0,1.1503225806451611,8.140967741935484,2.8225806451612905,1.777741935483871,0.11096774193548387,2.741612903225806,0.0
163,1993,8,6.413225806451612,0.0,0.2564516129032258,0.3035483870967742,5.765161290322582,1.4461290322580644,4.792903225806451,2.235806451612903,1.6325806451612903,1.6416129032258064,0.0
164,1993,9,0.5486666666666667,0.0,0.7263333333333333,0.716,1.1096666666666666,0.7546666666666667,5.242666666666668,4.365,3.7813333333333334,0.293,0.0
165,1993,10,0.36354838709677423,0.06806451612903225,2.2806451612903227,0.04129032258064516,0.9983870967741936,0.5754838709677419,3.9077419354838714,1.9825806451612904,2.7729032258064517,6.601612903225806,0.0
166,1993,11,0.9793333333333333,1.1313333333333333,0.29566666666666663,0.10133333333333333,1.507,0.4136666666666666,0.2916666666666667,5.565666666666668,0.6976666666666667,5.803,1.5150000000000001
167,1993,12,0.22419354838709676,1.6425806451612903,0.6045161290322582,0.2264516129032258,0.8612903225806451,0.5016129032258064,1.4238709677419354,4.416451612903225,1.6922580645161294,15.187419354838706,1.0441935483870968
168,1994,1,0.24451612903225806,1.8329032258064517,0.5370967741935483,0.9861290322580645,1.0654838709677419,0.9719354838709678,6.447419354838709,7.313548387096774,0.6064516129032257,10.880967741935484,0.6780645161290324
169,1994,2,1.1189285714285713,4.251428571428571,2.928214285714286,0.7796428571428571,1.7842857142857143,0.2592857142857143,1.3532142857142857,6.359285714285714,2.5282142857142857,17.999285714285712,5.0739285714285725
170,1994,3,1.5541935483870968,0.5345161290322581,1.114516129032258,2.5219354838709678,1.8893548387096775,0.06967741935483872,2.402903225806452,9.098064516129034,1.4651612903225808,10.893548387096773,2.170967741935484
171,1994,4,0.125,0.8866666666666667,2.576,1.7483333333333333,4.1563333333333325,1.3813333333333333,0.9053333333333334,5.507666666666667,2.7156666666666665,5.796000000000001,0.5956666666666667
172,1994,5,0.043225806451612905,1.0764516129032258,1.1870967741935483,2.6451612903225805,2.571612903225807,1.869354838709677,1.8799999999999997,2.47741935483871,3.4990322580645166,4.330645161290323,0.0
173,1994,6,1.0686666666666667,0.0,0.0,2.8933333333333335,0.9183333333333333,2.491333333333333,8.375,8.746,0.949,4.652333333333332,0.0
174,1994,7,2.0496774193548384,0.0,0.13806451612903223,0.9151612903225806,0.8500000000000001,0.2864516129032258,9.298064516129033,7.445483870967742,1.7858064516129033,1.1019354838709676,0.0
175,1994,8,3.5922580645161295,0.0,2.0041935483870965,1.0406451612903225,3.1090322580645156,0.2919354838709677,8.42774193548387,11.389677419354838,1.4461290322580644,1.2167741935483871,0.0006451612903225806
176,1994,9,1.1686666666666665,0.32466666666666666,0.8500000000000001,1.4200000000000002,1.611,0.27566666666666667,9.574333333333334,4.604333333333333,3.2920000000000003,3.1246666666666667,0.0
177,1994,10,0.3106451612903226,0.9380645161290323,1.8596774193548387,1.5629032258064517,2.884516129032258,0.6754838709677419,4.071612903225807,6.758387096774194,4.973548387096774,9.33548387096774,0.40451612903225803
178,1994,11,3.818333333333334,1.8463333333333334,2.912333333333333,0.0,3.1719999999999997,0.3653333333333333,5.512666666666666,4.468,3.3746666666666667,17.019333333333336,0.004
179,1994,12,4.051935483870968,0.7925806451612902,1.2912903225806451,1.164516129032258,0.7019354838709677,0.262258064516129,3.1129032258064515,4.195806451612903,1.7864516129032257,20.338387096774195,0.8441935483870967
180,1995,1,1.3619354838709676,10.44225806451613,2.973548387096774,0.0703225806451613,2.099032258064516,0.14387096774193547,2.3606451612903223,6.994516129032259,0.8641935483870968,16.161935483870966,10.097741935483873
181,1995,2,2.1707142857142854,1.1292857142857142,1.2792857142857144,0.6314285714285715,1.4385714285714286,0.07142857142857142,1.0757142857142856,7.472499999999998,0.19678571428571429,13.964285714285714,2.1835714285714287
182,1995,3,0.33322580645161287,9.477419354838709,2.660322580645161,1.4158064516129032,1.748709677419355,0.3929032258064516,1.8209677419354837,4.016129032258065,2.0161290322580645,14.610967741935486,6.933225806451614
183,1995,4,0.27133333333333337,0.5636666666666666,2.8040000000000003,1.0776666666666666,2.0100000000000002,1.9693333333333334,2.9233333333333333,2.512,2.6413333333333333,8.907666666666668,0.627
184,1995,5,0.014838709677419355,0.7496774193548388,3.721290322580645,2.6703225806451614,4.383548387096774,1.4783870967741934,2.1548387096774193,4.118387096774193,6.900322580645162,2.190967741935484,0.4619354838709678
185,1995,6,0.0,0.44033333333333335,1.5859999999999996,2.146333333333333,1.4326666666666665,4.118,7.506666666666667,7.8713333333333315,3.4606666666666666,3.691,0.4296666666666667
186,1995,7,1.4009677419354836,0.14322580645161292,0.31322580645161285,0.7693548387096774,0.9048387096774195,3.387741935483871,4.84483870967742,3.935483870967743,3.1567741935483875,1.776774193548387,0.30774193548387097
187,1995,8,4.973548387096774,0.0,0.32548387096774195,2.548387096774193,2.84,0.9516129032258066,8.203548387096774,10.506774193548386,4.594193548387097,3.9651612903225804,0.0
188,1995,9,0.885,0.0,0.35966666666666663,4.667333333333333,2.9029999999999996,0.11833333333333333,5.246333333333334,2.345666666666667,2.2886666666666664,2.924666666666666,0.0
189,1995,10,1.1845161290322581,0.0,0.2229032258064516,1.304516129032258,0.0,2.232258064516129,5.95,9.66741935483871,0.6680645161290323,11.672580645161291,0.0
190,1995,11,0.5086666666666667,0.07400000000000001,0.4583333333333333,3.7323333333333335,0.4686666666666667,0.58,0.9016666666666667,7.2206666666666655,0.619,24.02266666666667,0.0
191,1995,12,0.32322580645161286,2.5667741935483868,1.3087096774193552,0.4090322580645161,1.2803225806451612,0.5625806451612904,0.9893548387096774,3.11741935483871,1.4393548387096773,17.217419354838707,0.0
192,1996,1,0.10741935483870968,3.524516129032258,1.8529032258064515,0.0,1.1403225806451613,0.828709677419355,4.330645161290323,10.288387096774192,1.0225806451612902,13.75193548387097,1.7764516129032257
193,1996,2,1.2672413793103448,5.1882758620689655,3.154827586206897,0.0,0.7589655172413793,0.41034482758620683,1.3706896551724135,4.366551724137931,0.02586206896551724,14.031379310344828,4.124137931034483
194,1996,3,0.19161290322580643,2.09741935483871,1.9961290322580643,0.0732258064516129,0.6087096774193548,0.7793548387096773,8.489032258064517,6.547419354838708,2.7306451612903224,4.228064516129033,0.6861290322580645
195,1996,4,0.0,0.7949999999999999,1.0223333333333333,0.24233333333333335,0.309,0.5356666666666666,2.4553333333333334,4.681,1.6003333333333332,15.090333333333335,0.37266666666666665
196,1996,5,0.0,0.5954838709677419,1.7516129032258063,0.0,0.0,2.3587096774193546,2.917741935483871,3.7658064516129035,0.516774193548387,5.541935483870967,0.0
197,1996,6,0.20166666666666666,0.0,0.0,1.1446666666666667,2.2623333333333333,1.5236666666666665,8.449333333333334,6.119666666666666,1.4976666666666667,1.9163333333333334,0.0
198,1996,7,4.951935483870967,0.0,0.8287096774193549,2.299677419354839,2.4519354838709675,0.1935483870967742,3.047419354838709,4.174516129032258,2.220322580645161,1.5296774193548388,0.0
199,1996,8,2.2903225806451615,0.0,0.01064516129032258,4.240645161290323,3.398387096774193,0.30580645161290326,5.739354838709678,8.779032258064515,3.852258064516129,1.238064516129032,0.0
200,1996,9,1.3326666666666669,0.0,0.9533333333333334,0.997,1.319,1.6686666666666667,3.446,8.7,5.7056666666666676,3.3623333333333334,0.0
201,1996,10,0.9583870967741935,2.330322580645161,1.4809677419354839,0.9135483870967742,1.8712903225806448,0.2948387096774194,4.792258064516129,1.3225806451612905,1.2467741935483871,13.053870967741936,0.4080645161290323
202,1996,11,0.38333333333333336,1.7806666666666666,3.149,0.7763333333333333,2.013666666666667,1.1766666666666665,0.4083333333333333,5.651333333333334,4.297333333333333,12.041666666666666,2.7430000000000003
203,1996,12,0.0,6.222903225806451,2.594516129032258,0.11838709677419354,0.36258064516129035,0.6567741935483871,1.6296774193548387,7.396774193548388,0.0,22.519354838709674,2.543870967741936
204,1997,1,1.7874193548387096,6.299032258064516,4.2622580645161285,0.08064516129032259,1.823870967741936,0.2106451612903226,1.7316129032258063,6.6332258064516125,0.4370967741935484,17.46709677419355,3.4058064516129036
205,1997,2,1.2575,0.06785714285714285,2.0067857142857144,0.8785714285714287,1.9100000000000001,0.27035714285714285,0.6178571428571428,6.778214285714285,5.2125,9.208571428571428,0.5821428571428572
206,1997,3,0.3274193548387097,0.015806451612903224,0.22225806451612903,3.2477419354838712,0.12903225806451613,0.5206451612903226,2.089032258064516,7.729354838709677,0.7006451612903225,20.305161290322584,0.0
207,1997,4,0.35933333333333334,0.058333333333333334,1.2719999999999998,2.879333333333334,2.939,0.9553333333333333,2.783,7.277000000000001,4.026333333333333,10.033333333333333,0.5173333333333333
208,1997,5,0.5083870967741936,0.0,1.1300000000000001,4.080322580645162,2.3906451612903226,4.393870967741936,1.4767741935483871,4.441612903225806,4.377419354838709,6.319677419354839,0.0
209,1997,6,0.0036666666666666666,0.03933333333333333,2.4483333333333333,3.070666666666667,1.4490000000000003,3.316,6.924999999999998,6.899333333333334,2.3280000000000003,7.299666666666666,0.0
210,1997,7,1.0870967741935484,0.0,0.11064516129032259,0.3580645161290323,2.428709677419355,1.8619354838709676,5.499354838709678,5.653870967741936,1.262258064516129,3.520645161290323,1.067741935483871
211,1997,8,4.275483870967742,0.026129032258064518,0.6916129032258064,0.0,3.4383870967741927,1.8245161290322582,6.887419354838709,1.455483870967742,1.8451612903225807,3.068709677419355,0.0
212,1997,9,1.5889999999999997,0.06066666666666667,2.1053333333333333,1.1236666666666666,2.0096666666666665,0.3266666666666667,4.534,6.342666666666667,1.0899999999999999,10.920666666666667,3.27
213,1997,10,0.32935483870967747,0.06225806451612903,0.7148387096774194,1.2667741935483872,1.2912903225806451,0.9396774193548387,4.161935483870968,5.821290322580644,2.884193548387097,14.755161290322585,0.0
214,1997,11,1.0206666666666666,3.5253333333333337,1.4646666666666666,1.6076666666666666,1.7713333333333334,0.03333333333333333,4.042666666666666,2.9216666666666664,1.1973333333333334,12.013666666666666,1.9703333333333333
215,1997,12,4.166129032258064,3.3958064516129034,1.2354838709677418,0.2970967741935484,0.8235483870967742,0.20129032258064516,8.220645161290323,5.10741935483871,5.942903225806451,10.56967741935484,1.936774193548387
216,1998,1,0.02870967741935484,4.1174193548387095,3.0883870967741935,0.0,0.10548387096774194,0.4583870967741936,3.810645161290323,12.680967741935483,2.6245161290322585,19.728064516129034,2.525483870967742
217,1998,2,3.8267857142857147,12.035357142857142,5.894285714285714,1.572142857142857,1.3885714285714286,0.2639285714285714,7.925714285714286,10.340714285714286,2.188928571428572,15.777142857142861,10.66035714285714
218,1998,3,1.6722580645161287,3.139354838709677,2.606451612903226,1.011290322580645,2.105161290322581,1.0329032258064517,3.894838709677419,6.036129032258065,4.2377419354838715,8.166129032258064,3.1064516129032262
219,1998,4,0.13866666666666666,2.418,2.0036666666666663,0.179,1.555,0.9883333333333333,0.119,9.191333333333334,1.5046666666666666,3.05,0.44133333333333336
220,1998,5,0.0,2.9464516129032257,1.2251612903225808,0.0,0.0,1.288709677419355,0.597741935483871,3.3358064516129025,0.7325806451612904,3.6348387096774197,1.0016129032258063
221,1998,6,0.0,0.182,3.135666666666667,0.0,0.0,5.453333333333334,0.397,4.974333333333333,1.7429999999999999,2.1600000000000006,0.0
222,1998,7,5.200645161290321,0.0,2.1754838709677418,0.0,5.856774193548386,1.6574193548387097,6.119677419354839,2.4816129032258063,0.18806451612903227,4.188064516129032,0.0
223,1998,8,3.092903225806451,0.0,0.2738709677419355,3.851935483870968,2.799032258064516,1.4458064516129032,4.468387096774194,3.7070967741935483,1.0683870967741935,0.5464516129032259,0.3064516129032258
224,1998,9,1.65,0.030333333333333334,0.6206666666666667,2.8220000000000005,2.212,0.19333333333333336,7.141666666666667,2.200333333333333,0.4956666666666667,0.6116666666666667,0.0
225,1998,10,0.3325806451612903,0.27322580645161293,1.8851612903225805,3.3832258064516134,3.4935483870967743,1.137741935483871,0.7854838709677419,4.663225806451613,2.7029032258064514,7.5941935483870955,0.014838709677419354
226,1998,11,0.6656666666666666,1.7866666666666666,1.023,2.0816666666666666,2.539,0.892,1.552,4.552666666666667,2.127666666666667,24.869999999999997,0.494
227,1998,12,0.5448387096774193,0.78,0.7974193548387097,0.024838709677419354,0.2158064516129032,1.1116129032258064,0.9687096774193548,4.902258064516129,1.5183870967741937,22.116451612903226,0.31193548387096776
228,1999,1,0.0,2.224838709677419,2.0106451612903227,0.4012903225806451,0.7758064516129034,0.4203225806451613,3.0429032258064517,7.18741935483871,1.7706451612903227,17.488387096774197,0.4761290322580645
229,1999,2,0.0,1.6417857142857142,0.7667857142857143,0.0,0.6478571428571429,0.7282142857142857,0.8139285714285714,6.855357142857143,0.21714285714285714,26.776785714285705,0.6289285714285714
230,1999,3,0.017741935483870968,2.2974193548387096,0.6167741935483871,2.250967741935484,1.2741935483870965,0.4096774193548387,1.140967741935484,4.451290322580644,4.711290322580646,15.867096774193547,0.0
231,1999,4,1.232,1.8046666666666666,3.6783333333333332,0.3476666666666667,4.485666666666666,1.762,2.1363333333333334,4.834666666666667,3.028666666666667,3.024333333333333,1.772333333333333
232,1999,5,0.0,0.02258064516129032,2.2580645161290325,2.5251612903225804,2.8190322580645155,4.21,1.3774193548387095,4.2709677419354835,4.007741935483871,4.524193548387098,0.0
233,1999,6,0.861,0.0023333333333333335,1.5493333333333332,2.816666666666667,1.1006666666666665,3.4526666666666666,6.996333333333333,6.272,1.7406666666666664,4.058333333333333,0.0
234,1999,7,5.530322580645161,0.0,1.1529032258064515,1.1329032258064515,4.919354838709678,1.1641935483870969,2.592903225806452,3.3599999999999994,0.0,2.608709677419355,1.0493548387096774
235,1999,8,3.728709677419356,0.0,0.6825806451612904,3.5332258064516124,2.641935483870968,1.6412903225806452,5.2312903225806435,2.419032258064516,0.0,2.9951612903225806,0.0
236,1999,9,1.3956666666666668,0.19499999999999998,0.17,0.8586666666666666,0.8919999999999999,0.9743333333333333,8.391333333333334,3.8103333333333333,1.9043333333333332,1.2403333333333333,0.24333333333333332
237,1999,10,0.0,0.0,0.0,0.5793548387096774,1.03,0.6641935483870969,5.594838709677419,6.336451612903226,2.6451612903225805,9.671290322580646,0.0
238,1999,11,0.0,1.1366666666666665,0.13766666666666666,0.0,0.27266666666666667,0.211,2.608,6.662999999999999,0.12000000000000001,17.94766666666667,0.0
239,1999,12,0.0,0.06967741935483872,0.7703225806451612,0.3764516129032258,0.5338709677419355,0.14193548387096774,1.3499999999999999,3.609677419354839,0.5706451612903225,16.3241935483871,0.0
240,2000,1,0.08806451612903225,4.649677419354839,2.5377419354838704,0.13483870967741934,1.401290322580645,0.1935483870967742,0.9929032258064516,5.316129032258064,1.0070967741935484,11.753548387096771,0.23193548387096777
241,2000,2,0.2941379310344828,6.80103448275862,5.364827586206896,0.8582758620689656,1.293448275862069,0.34689655172413797,0.6496551724137931,2.8206896551724143,0.6965517241379311,5.760000000000001,4.349655172413793
242,2000,3,1.2251612903225808,1.2206451612903226,1.750967741935484,2.0745161290322582,2.7396774193548383,0.7648387096774194,1.0503225806451613,5.315483870967742,1.3845161290322578,7.31741935483871,0.34451612903225803
243,2000,4,0.0,1.6993333333333334,0.7286666666666667,0.537,1.3463333333333334,0.9016666666666667,1.2929999999999997,5.899,2.232,4.739000000000001,1.0023333333333333
244,2000,5,0.0,0.19548387096774195,1.7819354838709678,0.9435483870967744,0.05451612903225806,1.896774193548387,0.08709677419354839,2.086451612903226,2.3632258064516125,5.9558064516129035,0.0
245,2000,6,4.307999999999999,0.26,0.6376666666666666,1.4173333333333331,1.1353333333333333,1.9,3.8073333333333332,4.208666666666667,3.1830000000000003,3.516,0.0
246,2000,7,2.3974193548387093,0.0,0.0,0.08,2.26741935483871,2.257096774193548,6.612258064516128,4.658709677419354,0.6587096774193549,2.1990322580645163,0.0
247,2000,8,6.300967741935485,0.0,1.1106451612903225,0.004838709677419356,3.3470967741935485,0.0,3.9464516129032257,2.9790322580645165,0.0,0.6622580645161291,0.43064516129032254
248,2000,9,0.6206666666666668,0.021333333333333333,1.582,0.5736666666666667,0.09033333333333333,1.8003333333333333,7.764666666666667,4.855333333333334,0.005666666666666667,3.1300000000000003,0.0
249,2000,10,9.948709677419354,1.882258064516129,3.896774193548387,3.133225806451613,2.959032258064516,0.8425806451612904,0.8183870967741936,0.012580645161290323,5.839032258064516,6.645483870967742,0.49064516129032254
250,2000,11,1.6569999999999998,0.001,0.6940000000000001,3.114333333333333,1.1966666666666665,0.12733333333333333,1.3293333333333335,7.159000000000001,5.218,5.725333333333333,0.0
251,2000,12,0.0,0.27774193548387094,0.4238709677419355,0.5825806451612904,0.8209677419354838,0.4909677419354838,0.4974193548387097,2.710322580645161,2.091290322580645,5.9622580645161305,0.0
252,2001,1,2.081290322580645,4.251612903225807,0.9396774193548388,0.8941935483870967,1.0522580645161292,0.24096774193548387,0.7729032258064517,4.103870967741935,3.1761290322580646,8.19290322580645,1.8358064516129031
253,2001,2,0.5164285714285715,4.052857142857143,0.6535714285714285,0.17107142857142857,1.9925,0.18928571428571428,0.7489285714285714,4.125,4.702857142857142,3.536785714285714,3.0399999999999996
254,2001,3,0.9658064516129032,2.83741935483871,1.8400000000000003,1.16,1.2641935483870967,0.22806451612903228,8.530645161290325,5.997741935483872,2.4258064516129028,6.032903225806452,0.8074193548387097
255,2001,4,1.0863333333333334,0.9843333333333333,2.1340000000000003,0.40700000000000003,1.778333333333333,1.1633333333333336,0.5516666666666666,1.364666666666667,0.8009999999999999,6.657,1.0733333333333335
256,2001,5,0.17967741935483872,0.0,0.1964516129032258,0.8274193548387098,1.5787096774193548,0.3803225806451613,0.45193548387096766,3.3074193548387094,3.5103225806451612,4.070645161290322,0.0
257,2001,6,0.9960000000000001,0.0,0.2956666666666667,0.0,0.21866666666666665,4.040333333333334,6.5903333333333345,5.016,0.286,3.4150000000000005,0.0
258,2001,7,5.15,0.0,0.8948387096774193,0.8845161290322581,2.629032258064516,3.3848387096774197,8.915161290322581,6.25,0.0,0.9196774193548387,0.06451612903225806
259,2001,8,3.6545161290322583,0.0,0.9212903225806452,3.518709677419355,2.3938709677419356,0.2912903225806452,6.11225806451613,3.9070967741935485,1.2458064516129028,4.925806451612904,0.0
260,2001,9,1.022333333333333,0.045000000000000005,0.051333333333333335,1.1583333333333334,0.45899999999999996,0.30100000000000005,11.930666666666665,5.050333333333334,1.3993333333333335,2.4883333333333337,0.0
261,2001,10,0.5909677419354837,0.3741935483870968,0.619032258064516,0.0,0.3335483870967742,0.47096774193548385,1.8293548387096772,2.8632258064516125,2.0945161290322583,9.062258064516127,0.0
262,2001,11,0.21666666666666667,2.5786666666666664,2.7990000000000004,3.2213333333333334,0.908,0.166,2.7493333333333334,2.6189999999999998,0.9259999999999999,13.969333333333333,0.6503333333333334
263,2001,12,1.3051612903225807,3.347096774193549,1.1858064516129034,1.1677419354838707,1.1470967741935485,0.0,0.5506451612903226,3.22258064516129,1.5993548387096774,17.353548387096776,1.1564516129032258
264,2002,1,0.7070967741935484,0.9241935483870969,0.3825806451612903,0.0,1.1922580645161291,0.24419354838709678,2.4951612903225806,5.111935483870968,0.9870967741935484,16.056129032258063,0.3735483870967742
265,2002,2,0.6235714285714284,0.6371428571428571,0.09142857142857143,0.2067857142857143,0.21071428571428572,1.0867857142857142,2.356428571428571,1.8817857142857144,0.7110714285714286,11.33035714285714,0.0
266,2002,3,0.0,1.2416129032258063,1.2825806451612902,0.0,0.5645161290322581,0.8416129032258064,1.5090322580645161,6.8022580645161295,3.6770967741935485,8.531290322580647,0.5006451612903225
267,2002,4,0.0,0.5833333333333334,1.5226666666666666,0.020666666666666667,0.359,0.0,1.4936666666666667,3.231666666666667,3.8943333333333334,6.162000000000001,0.23133333333333334
268,2002,5,0.0,0.31806451612903225,0.3361290322580645,1.5987096774193548,0.0,1.944193548387097,0.9225806451612903,4.547096774193547,1.6129032258064515,3.1835483870967747,0.0
269,2002,6,0.0,0.0,0.15633333333333335,1.4536666666666667,1.6583333333333334,5.504,14.303000000000003,3.254666666666667,3.2636666666666665,3.213666666666667,0.0
270,2002,7,3.8477419354838713,0.0,0.4061290322580645,7.373225806451613,2.4854838709677423,2.237096774193548,7.217419354838709,2.7600000000000002,5.047096774193549,0.5029032258064516,0.0
271,2002,8,2.7719354838709673,0.0,0.06774193548387097,0.5251612903225806,1.4416129032258067,3.939677419354839,9.089677419354839,3.8796774193548385,0.5370967741935483,0.1993548387096774,0.0
272,2002,9,1.8393333333333335,0.0,1.9843333333333333,5.699666666666667,4.065333333333332,1.2136666666666664,4.670333333333334,13.312999999999999,1.2963333333333333,1.6803333333333335,0.0
273,2002,10,0.5141935483870967,0.0,0.76,3.3696774193548387,1.7406451612903224,0.9893548387096774,0.9509677419354838,4.983225806451612,4.6558064516129045,1.1609677419354842,0.0
274,2002,11,0.242,2.7233333333333336,1.6473333333333333,1.0236666666666667,1.6196666666666666,0.0,1.8910000000000005,6.669999999999999,0.964,11.050666666666668,3.5149999999999997
275,2002,12,1.2441935483870967,5.114516129032258,0.7545161290322581,0.29322580645161295,0.8903225806451612,0.0,6.814193548387097,7.090967741935485,2.747741935483871,15.11967741935484,2.0064516129032257
276,2003,1,0.0006451612903225806,0.5848387096774194,0.27774193548387094,0.917741935483871,0.08225806451612902,0.3167741935483871,1.8774193548387097,3.5722580645161286,0.024193548387096774,13.794838709677414,0.5164516129032257
277,2003,2,2.1657142857142855,1.8349999999999997,1.6035714285714289,1.955,2.641428571428572,0.55,4.198214285714286,7.857142857142857,1.0775000000000001,3.6478571428571422,4.661785714285714
278,2003,3,0.529032258064516,1.2974193548387096,1.2348387096774192,0.932258064516129,2.126451612903226,0.39548387096774185,7.093870967741935,5.545806451612903,0.5235483870967742,17.19935483870968,2.2841935483870968
279,2003,4,0.0,1.7980000000000003,0.9643333333333335,0.28300000000000003,1.1013333333333333,1.5323333333333333,0.8889999999999999,6.624000000000001,0.7846666666666666,7.1110000000000015,1.0256666666666667
280,2003,5,0.021612903225806453,1.6670967741935485,1.2396774193548388,0.11903225806451613,0.6264516129032258,2.4270967741935485,1.7258064516129032,8.61032258064516,3.0609677419354835,1.9064516129032258,0.0
281,2003,6,0.017666666666666667,0.0,1.3339999999999999,2.728,0.9633333333333333,3.101,9.063,7.593333333333334,4.617000000000001,0.685,0.0
282,2003,7,5.874516129032258,0.0,0.13516129032258065,5.193548387096774,1.5032258064516129,0.14516129032258066,6.854193548387095,9.638064516129033,0.10064516129032258,0.8451612903225806,0.018387096774193548
283,2003,8,4.022903225806451,0.013225806451612903,0.41322580645161294,0.7051612903225807,2.3883870967741934,1.2125806451612904,6.467096774193549,9.418387096774193,3.5180645161290323,0.19483870967741937,0.33806451612903227
284,2003,9,1.4600000000000002,0.0,0.37766666666666665,4.844333333333333,2.5690000000000004,0.7406666666666666,2.637333333333333,7.978666666666667,2.9249999999999994,2.042666666666667,0.0
285,2003,10,1.082258064516129,0.10709677419354838,0.09741935483870968,5.944193548387098,0.8206451612903226,1.4438709677419355,3.1148387096774193,2.7112903225806453,0.0,16.49806451612903,0.0
286,2003,11,0.9886666666666666,0.6843333333333333,2.2386666666666666,0.4543333333333333,0.5923333333333333,0.3233333333333333,1.5583333333333336,8.528333333333332,1.2326666666666668,15.531666666666668,1.2753333333333332
287,2003,12,0.8951612903225806,3.6448387096774195,3.0461290322580643,0.0,0.9680645161290323,2.8503225806451615,1.94,5.491935483870967,0.2670967741935484,10.815806451612904,1.1451612903225807
288,2004,1,1.0212903225806453,1.096774193548387,1.7590322580645161,1.147741935483871,0.5077419354838709,0.7293548387096774,1.2961290322580643,1.9925806451612904,1.0596774193548388,11.133225806451614,0.2432258064516129
289,2004,2,1.0472413793103448,4.982068965517242,2.9420689655172416,1.8341379310344827,1.6048275862068968,0.21620689655172412,4.316206896551725,5.57103448275862,4.381379310344828,5.313103448275862,3.4806896551724136
290,2004,3,1.167741935483871,0.4212903225806452,0.35,3.074516129032258,0.6709677419354839,0.0,1.5916129032258064,2.618709677419355,1.6441935483870969,7.5361290322580645,0.5706451612903226
291,2004,4,1.9436666666666664,0.0,2.177,3.3523333333333336,3.1033333333333335,0.5456666666666667,1.259,3.243,3.190666666666667,1.667333333333333,0.491
292,2004,5,0.0,0.0,0.3135483870967742,1.1529032258064515,0.0,4.193870967741936,2.731290322580645,5.0680645161290325,1.6303225806451611,3.063870967741935,0.0
293,2004,6,0.5696666666666667,0.0,0.11866666666666667,2.957666666666667,1.7036666666666667,2.5020000000000002,6.926666666666665,7.739000000000001,7.874666666666666,2.2813333333333334,0.0
294,2004,7,4.270322580645161,0.0,1.0654838709677419,0.6951612903225806,2.5600000000000005,1.1129032258064515,5.131935483870967,8.925806451612903,4.830000000000001,0.7658064516129033,0.0
295,2004,8,3.4519354838709675,0.0,0.2896774193548387,2.6403225806451616,1.5806451612903225,1.2841935483870968,11.858709677419354,4.172258064516128,1.8783870967741931,4.232258064516129,0.0
296,2004,9,1.1863333333333335,0.0,0.17600000000000002,3.3896666666666664,1.057,1.4986666666666666,15.468333333333334,20.117,0.232,4.519999999999999,0.5836666666666666
297,2004,10,0.4545161290322581,3.3019354838709676,5.477096774193548,0.6151612903225806,2.058709677419355,0.597741935483871,1.5196774193548388,1.2770967741935482,3.8464516129032265,7.073225806451613,6.356774193548387
298,2004,11,0.9626666666666668,0.8876666666666667,1.3433333333333335,2.7179999999999995,1.5486666666666664,0.39866666666666667,1.3673333333333333,7.957666666666667,6.496666666666667,9.264333333333333,0.9239999999999999
299,2004,12,1.5758064516129036,5.039999999999999,1.9625806451612904,0.18225806451612905,1.5693548387096774,0.04870967741935484,1.635806451612903,6.341290322580646,0.6161290322580645,11.342903225806449,4.4958064516129035
300,2005,1,1.5529032258064517,6.199999999999998,2.7222580645161285,1.096774193548387,2.480322580645161,0.32967741935483874,1.488709677419355,3.025161290322581,1.6280645161290321,11.282903225806455,8.029354838709676
301,2005,2,0.9853571428571428,6.408928571428572,2.5907142857142857,1.4075,2.0510714285714284,0.0,1.6471428571428572,4.620357142857143,1.75,2.835714285714286,7.636428571428572
302,2005,3,0.1629032258064516,3.0470967741935486,3.5370967741935484,1.3529032258064515,2.7393548387096773,1.5416129032258064,3.640645161290322,5.059032258064516,0.547741935483871,8.554193548387095,1.0858064516129033
303,2005,4,0.266,1.313,3.489333333333333,0.10433333333333335,2.3296666666666668,2.4170000000000003,2.133666666666667,5.366333333333333,0.22766666666666666,7.027666666666667,0.551
304,2005,5,0.6590322580645162,0.7964516129032259,4.123870967741934,0.815483870967742,1.259032258064516,1.262258064516129,3.868064516129033,3.240645161290322,1.9796774193548388,5.7138709677419355,0.6751612903225807
305,2005,6,0.6096666666666667,0.041666666666666664,0.679,0.009333333333333334,1.8403333333333334,5.284000000000001,11.211333333333334,12.089666666666664,2.239,2.724666666666668,0.0
306,2005,7,1.8609677419354838,0.0,0.0703225806451613,2.0429032258064517,1.0745161290322582,0.48870967741935484,6.567096774193548,10.307741935483872,1.9116129032258067,2.2312903225806453,0.6012903225806452
307,2005,8,3.692903225806451,0.0,0.37612903225806454,0.0,2.368387096774194,1.0516129032258066,4.490322580645162,8.636129032258063,4.965806451612903,0.8870967741935484,0.0
308,2005,9,0.512,0.0,0.23500000000000001,0.35533333333333333,2.6983333333333333,0.5429999999999999,5.4973333333333345,0.6903333333333332,0.9493333333333334,2.7600000000000002,0.228
309,2005,10,0.0,0.016451612903225808,2.6103225806451613,2.8,2.0022580645161288,1.9709677419354834,6.6974193548387095,3.1674193548387097,3.0745161290322582,8.770967741935483,2.0529032258064515
310,2005,11,0.0,0.5340000000000001,0.8780000000000001,0.0,0.49933333333333335,0.9216666666666666,1.8253333333333335,5.928000000000001,0.40099999999999997,8.642000000000001,0.0
311,2005,12,0.0,3.811935483870968,1.0935483870967742,0.044838709677419354,0.2767741935483871,0.5193548387096775,2.044838709677419,5.4067741935483875,0.1667741935483871,11.786451612903228,0.0
312,2006,1,0.0,3.6522580645161296,3.8225806451612905,0.0032258064516129032,0.5174193548387096,0.1229032258064516,0.5467741935483872,6.256774193548389,0.9454838709677419,22.225161290322585,0.707741935483871
313,2006,2,0.37535714285714283,1.7114285714285715,0.8864285714285715,0.12285714285714286,0.21607142857142855,0.7089285714285715,4.754642857142858,2.155714285714286,1.1039285714285716,7.199642857142857,2.3153571428571427
314,2006,3,0.6645161290322581,3.9541935483870967,4.8906451612903235,0.13161290322580646,2.4822580645161287,0.9529032258064516,0.06483870967741935,1.4767741935483871,2.6729032258064516,9.87483870967742,4.244516129032259
315,2006,4,0.0,2.376666666666667,2.2289999999999996,0.010666666666666666,0.9016666666666666,2.845,1.4096666666666666,3.104,3.0923333333333334,4.098333333333333,2.005666666666667
316,2006,5,0.0,1.5561290322580643,0.5616129032258065,0.21419354838709675,0.3783870967741935,2.7606451612903227,0.8654838709677419,2.1619354838709675,2.8954838709677415,2.7038709677419352,0.0
317,2006,6,0.178,0.0,0.23600000000000002,0.414,0.6326666666666667,2.2796666666666665,5.622,5.473,1.9653333333333334,2.442,0.0
318,2006,7,4.710645161290323,0.0,0.5748387096774193,1.5125806451612906,3.8316129032258064,0.13064516129032258,4.506451612903225,3.2406451612903218,0.2632258064516129,0.8206451612903226,0.0
319,2006,8,4.200322580645161,0.0,0.3496774193548387,0.0,4.208064516129033,0.6929032258064516,4.183548387096774,4.427741935483871,1.805483870967742,0.32741935483870976,0.0
320,2006,9,3.523666666666666,0.0,1.4943333333333333,5.388,1.8553333333333335,2.984,3.2976666666666667,6.639333333333332,2.619333333333334,1.933,0.0
321,2006,10,0.9209677419354839,0.2641935483870968,2.9690322580645168,0.4332258064516129,1.4829032258064516,1.834516129032258,1.157741935483871,5.9958064516129035,2.7590322580645164,2.4780645161290322,0.0
322,2006,11,0.0,0.6656666666666666,0.6176666666666667,0.0,0.7819999999999999,0.133,1.8696666666666668,6.153666666666667,1.574,26.30233333333333,0.0
323,2006,12,0.3461290322580645,1.7951612903225804,1.299032258064516,1.9922580645161292,2.5151612903225806,0.0,2.979354838709677,6.36483870967742,1.9961290322580647,10.844193548387098,0.5219354838709678
324,2007,1,1.5370967741935484,0.8745161290322581,0.9129032258064517,3.0090322580645164,1.2425806451612902,0.4535483870967742,1.2270967741935483,5.858064516129033,1.7999999999999998,12.158709677419358,0.0
325,2007,2,0.03321428571428572,2.5989285714285715,2.4214285714285713,0.12678571428571428,0.9407142857142857,0.5025000000000001,3.9914285714285715,2.513214285714286,0.5253571428571429,9.283571428571431,0.0
326,2007,3,1.0593548387096776,0.26903225806451614,2.2803225806451612,2.1429032258064513,0.96,1.083225806451613,1.2451612903225806,3.8190322580645155,5.572903225806451,12.856129032258066,0.18419354838709678
327,2007,4,0.17833333333333332,0.74,0.7939999999999999,1.0793333333333333,1.469,1.8880000000000001,1.5609999999999997,2.9923333333333333,1.6403333333333334,5.381333333333333,0.15733333333333333
328,2007,5,0.0,0.03193548387096774,0.24645161290322581,2.6519354838709677,1.4825806451612902,5.951612903225806,1.3916129032258062,1.3306451612903225,5.791612903225805,1.9219354838709681,0.0
329,2007,6,0.6140000000000001,0.0,0.5423333333333333,6.080333333333334,0.7813333333333332,3.255000000000001,4.873666666666667,5.656000000000001,8.286333333333333,3.0373333333333337,0.0
330,2007,7,6.963225806451613,0.0,0.15935483870967743,6.885161290322579,2.8283870967741938,1.0612903225806452,7.3838709677419345,4.104838709677419,1.957741935483871,3.66,0.0
331,2007,8,4.603548387096775,0.08354838709677419,0.8312903225806452,1.2941935483870968,1.65,0.8570967741935483,3.4887096774193544,2.4741935483870963,1.5541935483870968,1.072258064516129,0.0
332,2007,9,2.076,0.169,1.120666666666667,2.696333333333334,2.6420000000000003,2.0140000000000002,6.910333333333333,3.2093333333333334,1.7276666666666667,3.8723333333333327,0.0
333,2007,10,0.39129032258064517,0.7387096774193549,1.39,0.053870967741935484,0.32000000000000006,1.9429032258064518,5.434516129032258,4.966129032258064,1.2087096774193549,8.68967741935484,0.0
334,2007,11,1.4443333333333332,0.12466666666666666,0.6799999999999999,0.28099999999999997,0.5489999999999999,0.0,1.3893333333333333,2.9909999999999997,0.7739999999999999,7.633333333333334,0.8743333333333333
335,2007,12,2.0625806451612907,1.9096774193548385,3.8258064516129027,0.0,3.300322580645161,0.0,1.9625806451612902,5.192903225806452,0.9735483870967742,15.89774193548387,3.5380645161290323
336,2008,1,0.6335483870967742,8.016774193548388,1.9864516129032255,0.5312903225806452,1.89,0.005483870967741936,2.674838709677419,3.043548387096774,0.0025806451612903226,12.355806451612903,6.013548387096773
337,2008,2,1.100344827586207,2.490344827586207,2.4413793103448276,0.0020689655172413794,2.799310344827586,1.1568965517241379,2.075862068965517,5.761379310344827,1.116551724137931,7.316896551724136,2.6872413793103447
338,2008,3,0.004193548387096774,0.1503225806451613,1.108709677419355,0.2696774193548387,0.4432258064516129,0.23935483870967741,2.451935483870968,8.537096774193548,3.9777419354838712,7.591935483870968,0.5283870967741935
339,2008,4,0.0,0.19666666666666668,0.132,1.7493333333333332,1.6550000000000002,0.487,3.1846666666666663,3.6060000000000003,2.3433333333333333,4.918666666666666,0.0
340,2008,5,0.5512903225806451,0.0,1.5125806451612904,2.2716129032258063,1.3941935483870969,6.999354838709677,0.8054838709677419,3.568064516129032,2.2793548387096774,1.6800000000000002,0.35580645161290325
341,2008,6,1.2040000000000002,0.0,1.2843333333333333,0.05333333333333334,0.048,6.170333333333334,5.266666666666666,1.6760000000000004,3.049,2.7790000000000004,0.0
342,2008,7,6.6093548387096765,0.0,0.23,5.364193548387097,3.08516129032258,0.7829032258064516,7.42290322580645,3.037419354838709,0.8083870967741936,0.9090322580645162,0.0
343,2008,8,3.9532258064516133,0.0,0.8064516129032258,5.458709677419355,3.116451612903226,0.6674193548387097,14.611290322580645,7.587096774193548,4.579677419354839,4.825483870967741,0.0
344,2008,9,1.023,0.0,0.4103333333333333,0.9176666666666667,0.2763333333333333,1.746666666666667,1.3046666666666669,1.4076666666666666,2.8156666666666665,1.1186666666666667,0.0
345,2008,10,0.7361290322580645,0.08741935483870968,1.6441935483870966,0.6974193548387096,1.3093548387096776,1.1732258064516128,3.206774193548387,3.486774193548387,1.9448387096774196,5.763548387096774,0.0
346,2008,11,0.9156666666666666,1.0939999999999999,1.2420000000000002,0.007333333333333333,0.8936666666666667,2.0629999999999997,0.419,3.2793333333333337,0.359,13.150666666666668,0.4186666666666667
347,2008,12,0.6316129032258065,1.8609677419354838,2.227096774193549,0.22548387096774195,3.109032258064516,1.0238709677419355,1.1193548387096772,8.824516129032258,0.17870967741935484,9.058709677419355,3.7761290322580643
348,2009,1,0.257741935483871,2.1393548387096772,2.9387096774193546,0.0,0.8151612903225808,0.5241935483870968,1.0490322580645162,4.425483870967742,0.21548387096774196,9.438064516129034,0.03645161290322581
349,2009,2,0.36642857142857144,5.654285714285715,2.3949999999999996,0.03785714285714286,0.5632142857142857,0.12928571428571428,0.7910714285714285,3.259285714285715,0.7210714285714286,3.947142857142857,4.911428571428571
350,2009,3,0.20709677419354838,1.9380645161290322,0.7996774193548387,0.17193548387096774,1.566451612903226,0.626774193548387,0.9083870967741936,6.832258064516129,1.008709677419355,9.724193548387097,0.005161290322580645
351,2009,4,0.14100000000000001,0.6966666666666667,2.0233333333333334,0.39966666666666667,1.9940000000000002,2.8800000000000003,1.1323333333333332,4.933666666666666,5.312666666666667,4.036333333333333,0.235
352,2009,5,0.5174193548387096,0.23451612903225805,0.7874193548387097,2.303225806451613,1.0738709677419354,0.9248387096774193,12.670000000000002,9.903548387096771,2.2035483870967743,4.653870967741935,0.0
353,2009,6,1.2086666666666666,0.15066666666666664,1.8213333333333332,0.001,2.865333333333333,1.829,6.365666666666667,2.474666666666666,2.51,0.6966666666666667,0.0
354,2009,7,2.58258064516129,0.0,0.15419354838709678,0.0,3.125806451612903,2.247741935483871,4.403548387096774,2.745806451612903,4.129677419354838,0.7483870967741937,0.0
355,2009,8,2.601935483870968,0.0,0.4080645161290322,0.18612903225806451,0.6787096774193548,1.9238709677419354,5.522258064516129,4.336451612903225,0.802258064516129,1.4048387096774193,0.0
356,2009,9,1.438,0.060333333333333336,0.609,2.708666666666667,2.311666666666667,0.015000000000000001,3.7150000000000003,14.491000000000001,4.272666666666666,3.962,0.0
357,2009,10,0.9070967741935484,2.6103225806451613,0.6480645161290324,0.9574193548387097,2.599677419354838,1.9432258064516132,0.6780645161290323,7.953225806451614,5.243225806451613,11.68,0.00903225806451613
358,2009,11,0.23333333333333334,0.095,0.23333333333333334,0.4293333333333333,0.6,0.0,1.2510000000000001,7.239000000000001,0.116,26.053666666666654,0.5319999999999999
359,2009,12,0.4654838709677419,3.0229032258064517,2.405483870967742,2.4941935483870967,1.2090322580645163,0.0,4.015483870967742,10.120645161290321,2.1606451612903226,6.808064516129033,3.394193548387097
360,2010,1,5.014838709677418,5.775806451612903,2.232258064516129,2.236451612903226,1.5819354838709676,1.0241935483870968,3.7841935483870963,7.8270967741935475,1.9332258064516128,18.537741935483865,4.951612903225806
361,2010,2,2.8814285714285717,4.595714285714286,1.1707142857142858,2.4892857142857143,1.9721428571428572,0.19785714285714287,3.6128571428571434,4.541071428571428,2.5582142857142856,8.053214285714287,1.984642857142857
362,2010,3,1.1332258064516127,0.9903225806451614,2.1154838709677417,0.21774193548387097,2.458709677419355,0.0003225806451612903,6.330322580645162,4.025483870967742,1.9351612903225806,9.110322580645162,0.1606451612903226
363,2010,4,0.947,2.918,2.4670000000000005,4.085,0.87,2.603333333333333,1.4726666666666666,4.550666666666666,3.6989999999999994,9.056333333333335,0.6906666666666667
364,2010,5,0.0,0.31225806451612903,2.4722580645161294,4.09,0.6693548387096774,7.992580645161291,1.9990322580645161,6.389354838709676,3.7451612903225806,7.366129032258066,0.0
365,2010,6,0.0,0.0,1.4646666666666666,2.1003333333333334,0.26866666666666666,2.9923333333333333,4.662333333333334,5.6930000000000005,2.9653333333333336,2.646666666666667,0.0
366,2010,7,6.363870967741937,0.0,0.23419354838709677,4.816451612903226,3.3238709677419354,1.9848387096774196,5.250645161290322,2.883548387096774,3.1922580645161287,0.21193548387096775,0.0
367,2010,8,4.683870967741935,0.0,1.09,0.5067741935483872,1.6032258064516125,2.8248387096774192,6.733548387096774,5.739032258064516,0.8245161290322581,1.5883870967741935,0.0
368,2010,9,1.193,0.0,0.37399999999999994,5.545666666666667,1.2229999999999999,2.7760000000000002,2.5120000000000005,5.163666666666667,5.327666666666667,6.412333333333334,0.224
369,2010,10,0.9758064516129031,1.0612903225806452,2.713870967741936,0.0,1.1816129032258063,0.10709677419354838,0.0,4.279677419354839,1.1606451612903228,10.01967741935484,1.653225806451613
370,2010,11,0.0,2.1220000000000003,2.305,0.119,0.367,1.2623333333333335,1.5256666666666667,4.232333333333333,0.41466666666666663,11.341666666666667,1.7223333333333335
371,2010,12,0.9109677419354839,6.268709677419356,7.416129032258065,0.026774193548387094,1.5303225806451615,0.9748387096774195,0.23032258064516128,4.090967741935483,1.6751612903225805,19.54483870967742,7.281935483870968
372,2011,1,0.0,1.8174193548387096,0.4603225806451613,1.8341935483870968,0.4848387096774194,1.5483870967741935,3.6122580645161286,3.5341935483870963,0.18741935483870967,14.476129032258061,1.0248387096774194
373,2011,2,0.2564285714285714,3.6035714285714286,2.4525,0.0025,1.7292857142857143,1.0917857142857141,1.4024999999999999,3.261428571428571,1.1439285714285714,11.19892857142857,3.93
374,2011,3,0.0,4.575483870967742,1.7206451612903224,0.0,0.9190322580645162,0.893225806451613,4.081612903225806,12.418387096774191,0.0967741935483871,18.761290322580646,1.506451612903226
375,2011,4,0.19733333333333333,0.37233333333333335,2.6569999999999996,0.0,2.569666666666667,1.952333333333333,3.1319999999999997,6.475333333333333,0.5740000000000001,9.137666666666668,0.24733333333333332
376,2011,5,0.0,0.8570967741935483,4.003225806451613,1.037741935483871,1.4112903225806452,5.974193548387097,1.127741935483871,2.0906451612903227,2.8354838709677415,5.094516129032257,0.11322580645161291
377,2011,6,0.28633333333333333,0.7886666666666666,0.622,0.507,0.0,3.929333333333333,4.1466666666666665,5.841666666666667,0.7726666666666666,1.1176666666666664,0.0
378,2011,7,3.1729032258064516,0.0,0.6216129032258065,0.40161290322580645,1.2867741935483872,1.9564516129032257,6.007419354838709,3.5683870967741935,0.0,1.9254838709677418,0.41516129032258065
379,2011,8,2.37,0.0,0.6645161290322581,0.19064516129032258,1.5635483870967744,0.6248387096774193,6.743225806451612,1.5525806451612902,0.47225806451612906,1.1641935483870969,0.0
380,2011,9,1.3919999999999997,0.0,0.5966666666666666,0.42533333333333334,2.9746666666666663,0.5356666666666666,3.4810000000000003,6.5133333333333345,1.1740000000000002,5.0939999999999985,0.6253333333333333
381,2011,10,0.0,0.7258064516129032,2.1225806451612903,0.5483870967741935,3.3451612903225807,1.632258064516129,4.070967741935484,2.5354838709677416,4.863870967741935,7.874193548387096,0.5009677419354839
382,2011,11,0.7843333333333333,1.6016666666666666,1.4983333333333329,0.22,1.4743333333333335,0.47333333333333333,0.9983333333333333,7.831333333333333,1.6703333333333332,13.914333333333332,2.4343333333333335
383,2011,12,1.997741935483871,0.0967741935483871,0.18612903225806454,2.5390322580645157,2.44,0.2935483870967742,0.7158064516129032,6.611935483870967,2.2551612903225804,6.821935483870966,0.607741935483871
384,2012,1,0.11709677419354839,2.117096774193548,1.3206451612903225,0.11838709677419354,1.0651612903225807,0.55,0.36774193548387096,6.270645161290323,3.2732258064516127,16.08258064516129,0.007419354838709678
385,2012,2,0.09793103448275862,0.9051724137931034,1.3765517241379308,1.3441379310344832,2.4206896551724135,0.7758620689655172,2.3168965517241378,2.7496551724137928,1.1151724137931034,11.400689655172412,1.620344827586207
386,2012,3,0.9616129032258064,2.5664516129032258,1.7745161290322582,2.1203225806451615,1.4080645161290322,0.9461290322580644,0.8080645161290322,5.531935483870967,3.2067741935483873,19.43935483870968,2.0051612903225804
387,2012,4,0.0,2.454333333333333,0.925,0.09933333333333333,1.465,3.2786666666666666,2.132,4.239333333333334,1.5906666666666667,7.554,2.194
388,2012,5,0.5045161290322581,0.030322580645161287,0.2829032258064516,2.1038709677419356,0.7961290322580645,4.887419354838709,4.307741935483872,4.893548387096774,1.3048387096774194,3.472258064516129,0.0
389,2012,6,0.20800000000000002,0.13833333333333334,0.0,0.0,0.26266666666666666,3.3120000000000003,10.664999999999997,3.4043333333333337,2.2049999999999996,4.881,0.0
390,2012,7,6.162903225806451,0.0,0.8383870967741935,1.5306451612903227,2.023548387096774,1.0151612903225806,4.6248387096774195,9.114838709677418,0.6551612903225806,1.3341935483870968,0.09774193548387096
391,2012,8,3.4090322580645167,0.0,0.29774193548387096,0.02225806451612903,2.4264516129032256,0.8693548387096776,7.167419354838709,6.542903225806451,3.0693548387096774,0.37193548387096775,0.2658064516129032
392,2012,9,1.8166666666666667,0.0,1.0406666666666666,3.4523333333333337,1.8923333333333334,0.03333333333333333,2.7596666666666665,5.872333333333333,2.959,0.37266666666666665,0.15433333333333332
393,2012,10,0.0,0.5116129032258064,1.2106451612903226,0.1538709677419355,0.3487096774193549,2.064516129032258,3.0329032258064514,4.729032258064516,1.0880645161290323,12.694193548387096,0.0022580645161290325
394,2012,11,0.30966666666666665,2.439,1.6793333333333333,0.26666666666666666,0.8676666666666667,0.9460000000000001,0.0,0.6526666666666666,0.09233333333333334,16.80366666666667,0.22966666666666666
395,2012,12,1.2209677419354839,5.114193548387097,2.362903225806451,0.032903225806451615,2.123548387096774,0.7967741935483872,2.0374193548387094,7.354193548387097,0.3780645161290323,19.168064516129032,1.4064516129032258
396,2013,1,0.9945161290322581,1.5403225806451613,1.1887096774193548,0.7693548387096775,1.986774193548387,0.8393548387096774,0.4225806451612903,11.484193548387097,0.8464516129032258,7.79032258064516,1.2793548387096776
397,2013,2,0.13999999999999999,0.4228571428571429,0.8892857142857142,0.6875,2.5742857142857147,0.4835714285714286,1.4828571428571429,5.9296428571428565,1.9435714285714287,9.479285714285714,1.4692857142857143
398,2013,3,0.23774193548387096,1.3680645161290321,0.4129032258064516,0.0,1.0845161290322582,0.6161290322580646,1.2087096774193549,4.603870967741935,1.0754838709677421,10.953225806451611,0.7358064516129031
399,2013,4,0.017666666666666667,0.30366666666666664,1.9513333333333334,1.3606666666666667,0.964,1.323,2.8573333333333335,8.137666666666666,2.261,8.618999999999998,0.0
400,2013,5,0.0,0.005806451612903225,0.6367741935483872,2.018709677419355,0.28903225806451616,5.369032258064517,4.903870967741935,5.51741935483871,2.7858064516129035,5.509677419354839,0.0
401,2013,6,0.21833333333333335,0.0,0.02333333333333333,1.2186666666666668,0.5683333333333334,6.696333333333333,10.295666666666667,8.869,3.0886666666666667,2.621666666666667,0.0
402,2013,7,6.163225806451613,0.0,1.08,0.7096774193548386,4.9316129032258065,2.0519354838709676,7.674516129032257,15.694516129032257,3.2361290322580643,0.0,0.5832258064516128
403,2013,8,3.0670967741935486,0.0,0.5558064516129031,0.61,2.239677419354838,1.163548387096774,6.5925806451612905,6.110967741935484,1.0529032258064517,2.5077419354838706,0.27161290322580645
404,2013,9,1.9540000000000002,0.0,2.5380000000000007,3.9686666666666666,4.493333333333334,2.1986666666666665,3.149,3.3710000000000004,2.0713333333333335,9.681999999999999,0.15133333333333335
405,2013,10,0.0,0.1696774193548387,1.2006451612903228,1.7061290322580644,1.9038709677419354,0.5296774193548387,0.957741935483871,1.8961290322580646,2.5125806451612904,2.9722580645161294,0.9754838709677419
406,2013,11,1.7576666666666667,0.5583333333333333,0.997,0.435,2.7239999999999998,0.507,2.046666666666667,6.294333333333333,1.049,8.471666666666668,0.19866666666666666
407,2013,12,0.5316129032258063,0.32451612903225807,2.2209677419354836,0.8758064516129033,0.6609677419354838,0.9119354838709677,1.2829032258064514,9.922903225806452,1.750322580645161,4.92516129032258,0.0016129032258064516
408,2014,1,0.0,0.08193548387096775,0.9354838709677419,0.0,0.22096774193548385,0.387741935483871,2.6419354838709674,3.228387096774194,0.02161290322580645,10.278387096774194,0.0
409,2014,2,0.08285714285714285,3.1271428571428572,2.1792857142857143,0.09214285714285712,0.7578571428571428,0.3989285714285714,3.1810714285714288,4.3,1.84,14.257142857142854,1.1785714285714286
410,2014,3,1.443225806451613,1.1506451612903223,1.6861290322580644,1.2251612903225808,1.993548387096774,0.8925806451612902,3.383870967741936,3.556774193548387,1.3625806451612903,17.48225806451613,1.0958064516129031
411,2014,4,0.04133333333333334,0.7733333333333332,1.4523333333333333,0.13699999999999998,2.436666666666667,0.6266666666666666,1.8403333333333332,5.98,1.7256666666666667,8.656,0.445
412,2014,5,0.0,0.0,0.635483870967742,2.244516129032258,2.786129032258064,1.5519354838709678,4.548064516129033,4.717096774193548,1.5948387096774195,5.380967741935484,0.0
413,2014,6,0.0,0.0,0.7260000000000001,0.2763333333333333,0.48833333333333334,2.483,5.765666666666666,5.167666666666666,3.7293333333333325,1.6606666666666667,0.0
414,2014,7,5.146129032258064,0.0,0.6641935483870967,1.3741935483870968,4.0680645161290325,0.41709677419354846,7.6683870967741905,5.660322580645162,4.053225806451613,0.5187096774193548,0.0
415,2014,8,5.232903225806451,0.0,1.4200000000000002,0.15290322580645163,2.5112903225806456,6.643225806451613,3.176129032258064,4.312903225806452,1.167741935483871,1.2006451612903226,0.9574193548387097
416,2014,9,6.1466666666666665,0.048,2.622666666666667,4.770333333333332,1.2503333333333333,1.6573333333333333,7.966,4.532333333333333,1.1323333333333332,4.199000000000001,1.1003333333333332
417,2014,10,1.2209677419354839,0.2661290322580645,0.03064516129032258,0.4096774193548387,1.3338709677419356,1.393548387096774,0.8248387096774193,6.944838709677419,1.6180645161290323,16.723870967741938,0.0
418,2014,11,0.0,1.0306666666666666,0.5353333333333333,1.8586666666666665,2.1636666666666664,1.0043333333333335,4.189333333333334,4.583666666666668,4.398,14.931666666666667,0.3393333333333333
419,2014,12,1.0132258064516129,3.6996774193548383,2.335806451612904,0.7264516129032259,1.9077419354838712,0.24451612903225806,1.742258064516129,4.027096774193548,1.2864516129032257,15.086774193548388,4.345483870967742
