,YEAR,MONTH,09480000streamflow(cfs),11151300streamflow(cfs),10172700streamflow(cfs),08194200streamflow(cfs),08267500streamflow(cfs),06154410streamflow(cfs),02235200streamflow(cfs),02177000streamflow(cfs),07315200streamflow(cfs),12041200streamflow(cfs),10259000streamflow(cfs)
0,1980,12,0.334193548,3.361290323,4.351612903,0.038064516,10.80645161,1.651612903,1.35483871,237.0322581,18.32290323,6760.322581,3.709677419
1,1981,1,0.412258065,10.64193548,4.570967742,3.379354839,9.267741935,1.587096774,0,190.9032258,0.012258065,2357.741935,3.022580645
2,1981,2,0.425714286,15.33928571,4.242857143,0.019285714,8.478571429,1.389285714,0.464285714,567.75,8.367857143,4939.285714,4.578571429
3,1981,3,0.407096774,34.81612903,4.022580645,12.59935484,8.364516129,1.438709677,5.419354839,396.483871,41.62322581,1550.645161,4.925806452
4,1981,4,0.171666667,5.553333333,4.143333333,37.129,15.23666667,1.526666667,15.09666667,428.4333333,15.05766667,3248,3.45
5,1981,5,0.117419355,1.137419355,4.387096774,746.6903226,28.09677419,6.696774194,7.170967742,488.8387097,69.04290323,2054.193548,2.916129032
6,1981,6,0.002333333,0.438,3.773333333,605.9,41.83333333,6.246666667,5.353333333,509.9666667,40.05533333,2753.666667,2.586666667
7,1981,7,1.002,0.343870968,3.396774194,3.700322581,20.16129032,3.490322581,5.929032258,262.8064516,0.014193548,1418.451613,2.267741935
8,1981,8,0.511538462,0.318709677,3.080645161,26.28677419,17.19354839,2.277419355,21.11612903,174.0967742,0,1013.580645,1.961290323
9,1981,9,0.56962963,0.537,3.383333333,455.113,13.16666667,1.663333333,38.06666667,242.6666667,14.99433333,1284.066667,2.253333333
10,1981,10,0.759,1.300967742,3.425806452,24.77774194,12.12903226,1.75483871,13.96774194,183.6451613,902.2448387,3015.741935,2.587096774
11,1981,11,0.363,7.546666667,3.51,1.094666667,9.953333333,1.896666667,14.66666667,175.0666667,2.477333333,4202,2.65
12,1981,12,0.346774194,3.667741935,3.251612903,0.126774194,8.506451613,1.651612903,18.83870968,427.483871,0.54,4301.612903,2.764516129
13,1982,1,0.349677419,10.14193548,3.435483871,0.091935484,7.883870968,1.529032258,51.16129032,870.1290323,0.291612903,3961.935484,5.161290323
14,1982,2,0.355714286,7.25,3.467857143,6.983571429,8.496428571,1.389285714,43.89285714,1256.607143,0.835714286,6213.928571,9.914285714
15,1982,3,0.282258065,24.02903226,4.75483871,0.453548387,11.93225806,1.577419355,59.12903226,831.8709677,1.704516129,2215.483871,6.767741935
16,1982,4,0.131,60.89,7.246666667,0.118333333,21.23333333,2.766666667,23.19230769,733.6,0.439666667,2268.666667,8.233333333
17,1982,5,0.081290323,5.364516129,7.867741935,721.6512903,74.87096774,5.609677419,0,573.1612903,351.0574194,1761.935484,6.758064516
18,1982,6,0,1.011666667,5.016666667,1.715666667,106.7,14.72666667,1.266666667,558.8333333,245.9066667,2647,4.816666667
19,1982,7,0.595862069,0.45516129,4.103225806,0.00483871,50.03225806,4.338709677,0,478.1290323,8.593548387,1956.451613,3.506451613
20,1982,8,10.32931034,0.364516129,3.851612903,0,33.83870968,2.793548387,43.61290323,493.0322581,0.13,1312.612903,3.206451613
21,1982,9,0.435172414,0.788666667,4.423333333,0,49.43333333,2.073333333,64.64,334.1666667,0.393666667,958.9666667,2.946666667
22,1982,10,0.179354839,1.406129032,4.690322581,141.696129,31.61290323,1.967741935,68.27777778,352.2903226,5.291612903,3191.096774,2.425806452
23,1982,11,0.239333333,4.83,4.38,1.126666667,20.93333333,2.18,46.56666667,539.7333333,1.776333333,2858,5.103333333
24,1982,12,0.279354839,46.4516129,4.448387097,0.243870968,15.61290323,2,34.67741935,1293.774194,8.520645161,4995.16129,9.325806452
25,1983,1,0.396774194,78.33548387,4.270967742,0.061290323,12.58064516,2.174193548,31.22580645,869.5806452,1.855806452,5242.258065,12.19677419
26,1983,2,9.33962963,96,4.328571429,1.101785714,12.67857143,2.067857143,0,1189.035714,8.575,5474.642857,16.71428571
27,1983,3,37.25416667,298.9032258,8.4,0.108709677,18.16129032,2.232258065,0,1101.354839,11.04645161,3750,30.12903226
28,1983,4,4.04,113.3666667,21.60333333,0,30.6,2.206666667,,1601.333333,30.2,1702.333333,20
29,1983,5,2.771935484,63.64516129,40,0.005483871,112.9677419,8.383870968,57,1133.096774,8.112258065,1646.451613,17.41935484
30,1983,6,0.438333333,31.93333333,19.33333333,12.15033333,235.6333333,3.906666667,15.66666667,671.2666667,11.88566667,2110,12.36666667
31,1983,7,0.472258065,15.03225806,12.32258065,1.519677419,125.5806452,2.683870968,0,420.516129,0.153548387,2806.451613,7.509677419
32,1983,8,1.0336,7.258064516,10.12580645,2.372258065,45.96774194,2.303225806,0,283.1935484,0.016129032,1239,9.522580645
33,1983,9,40.63107143,5.253333333,9.606666667,1.283333333,25.76666667,1.433333333,0,337.5666667,0.000666667,1063.466667,6.046666667
34,1983,10,90.44,11.07096774,9.080645161,17.2516129,18.22580645,1.670967742,1.741935484,336.2903226,33.4683871,743.516129,5.596774194
35,1983,11,6.78,21.57666667,7.52,4.348,16.13333333,1.526666667,19.36666667,469.2,0.055,7242.333333,6.083333333
36,1983,12,4.429032258,41.09677419,7.667741935,0,14.32258065,1.329032258,52.90909091,1104.064516,0.011612903,2261.290323,9.703225806
37,1984,1,3.785714286,13.96774194,7.496774194,5.83483871,12.12903226,1.490322581,0,769.7419355,0.015806452,4733.548387,7.451612903
38,1984,2,2.427586207,9.431034483,6.962068966,0,12.31034483,1.624137931,92.55555556,1014.724138,0.012068966,3101.37931,5.686206897
39,1984,3,1.75483871,8.425806452,7.425806452,0,13.48387097,1.512903226,45,890.9354839,2.305806452,2874.193548,4.677419355
40,1984,4,1.158333333,4.963333333,14.97666667,0,31.2,2.923333333,0,1102.833333,0.025333333,1950.333333,4.07
41,1984,5,0.679032258,2.758064516,25.09677419,0.507419355,147.1290323,2.829032258,0,1085.645161,0.013548387,2458.387097,3.187096774
42,1984,6,0.508666667,2.096666667,11.63333333,0,110.5333333,2.863333333,22.36666667,576.5333333,0.01,2166.333333,2.673333333
43,1984,7,40.65083333,1.722580645,10.3483871,1.004193548,43.35483871,2.270967742,75.36666667,578.9677419,0,1731.612903,2.703225806
44,1984,8,379.2857143,2.051612903,9.367741935,0,25.22580645,1.787096774,0,690.6774194,0,1195.516129,2.529032258
45,1984,9,8.02,1.94,9.46,0,17.4,1.623333333,0,359.6666667,0,1132.5,2.473333333
46,1984,10,7.15,2.932258065,8.996774194,4.248064516,18.48387097,1.429032258,3.129032258,315,93.56451613,3326.16129,2.441935484
47,1984,11,5.476666667,4.95,8.886666667,31.10233333,15.6,1.363333333,0,403.9333333,11.68133333,4567,2.763333333
48,1984,12,11.88928571,12.52903226,7.925806452,1.173870968,12.82580645,1.229032258,0.870967742,443,160.0090323,2646.129032,4.04516129
49,1985,1,,5.406451613,7.919354839,11.08677419,10.70967742,1.096129032,15.58064516,441.5483871,138.9516129,1195.903226,4.232258065
50,1985,2,,6.596428571,7.646428571,0.678571429,9.707142857,1.096428571,0.714285714,868.3928571,44.61071429,1389.642857,4.210714286
51,1985,3,8.538888889,8.029032258,9.3,144.8570968,18.03225806,1.091935484,0,483.8064516,295.3258065,1288.290323,3.75483871
52,1985,4,5.183333333,2.976666667,15.3,296.6466667,61.63333333,3.633333333,0.433333333,493.6333333,49.04333333,2416.666667,3.473333333
53,1985,5,2.770967742,1.44516129,12.74193548,373.8829032,166.6129032,4.716129032,0,431.6774194,12.39677419,1934.83871,2.467741935
54,1985,6,1.523333333,1.030666667,9.33,42.25966667,205.4,4.336666667,6.416666667,282.9333333,229.8393333,1998,1.796666667
55,1985,7,1.574074074,0.439032258,7.95483871,88.48419355,64.51612903,1.706451613,10.6483871,370.6451613,1.041935484,1441.935484,1.587096774
56,1985,8,4.983333333,0.900645161,7.74516129,0.001935484,33.5483871,3.974193548,55.36363636,658.8709677,0.087741935,894.7419355,1.235483871
57,1985,9,1.951724138,1.276333333,7.63,2.913666667,23.6,3.926666667,,357.5333333,0.003333333,906.4,1.58
58,1985,10,1.432258065,1.848387097,6.864516129,73.41483871,30.41935484,5.093548387,99,267.2258065,86.49806452,3534.16129,1.735483871
59,1985,11,1.453333333,3.763333333,6.38,288.4333333,18.8,4.406666667,66,713.4333333,0.479333333,3043.7,3.406666667
60,1985,12,1.535483871,5.358064516,5.893548387,3.623225806,14.48387097,3.74516129,45.22580645,590.6774194,5.892258065,1282.483871,4.112903226
61,1986,1,1.770967742,5.367741935,6.164516129,0.842258065,13.93548387,3.529032258,57.44444444,405.1290323,0.290322581,4566.548387,2.783870968
62,1986,2,1.7,86.96428571,6.942857143,0.334642857,13.39285714,3.507142857,91.27777778,394.8928571,0.228214286,4214.642857,9.664285714
63,1986,3,1.151935484,74.63870968,8.625806452,0.060967742,18.93548387,5.125806452,70.61290323,516.8387097,0.153225806,2808.064516,8.096774194
64,1986,4,0.718666667,7.986666667,12.83333333,0.032,42.53333333,5.436666667,39.03333333,349.4333333,8.923,1547.666667,5.596666667
65,1986,5,0.681612903,1.883225806,11.42903226,6.924193548,87.48387097,13.25483871,17.29032258,338.8064516,68.03483871,2891.290323,3.335483871
66,1986,6,0.530666667,0.885333333,8.593333333,238.4923333,121.5,15.13333333,21.2,285.0666667,75.877,1945,2.19
67,1986,7,0.745483871,0.553548387,7.303225806,0.056774194,68.51612903,8.735483871,19.41935484,179.7096774,0.071290323,1293.290323,2.867741935
68,1986,8,24.84916667,1.299032258,7.464516129,0,32.74193548,2.483870968,22.70967742,172.0322581,0.013548387,1014,3.383870968
69,1986,9,4.004,3.3,7.03,0.144666667,31.53333333,5.69,55.92857143,177.3,62.54933333,716.3333333,3.146666667
70,1986,10,2.338709677,2.358064516,7.058064516,29.88903226,27.35483871,6.916129032,28,313.6896552,9.609032258,1198.193548,3.196774194
71,1986,11,1.23,2.206666667,6.786666667,0.205333333,20.93333333,4.596666667,16.56666667,629.7,52.98233333,4599.3,3.223333333
72,1986,12,1.467741935,2.4,6.096774194,7.849354839,15.16129032,3.34516129,18.09677419,962.2580645,31.85483871,2772.258065,3.219354839
73,1987,1,1.4,3.716129032,6.264516129,0.802258065,13.09677419,2.841935484,32.70967742,743.2580645,48.86129032,3363.225806,3.538709677
74,1987,2,1.410714286,10.12857143,5.878571429,6.257142857,12.35714286,2.696428571,51.42857143,742.2142857,143.3857143,3095.357143,3.217857143
75,1987,3,1.274193548,18.87096774,6.093548387,0.739032258,21.70967742,3.238709677,99,1055.387097,192.8709677,4015.16129,3.741935484
76,1987,4,0.984666667,1.757666667,6,0.122,45.1,12.3,79.28571429,891,5.16,1784.666667,2.98
77,1987,5,0.649354839,0.647741935,5.709677419,0.126774194,107.5806452,8.583870968,47.96774194,536.8709677,64.11967742,2195.806452,2.335483871
78,1987,6,0.465,0.368666667,5.126666667,452.7136667,132.2666667,5.886666667,25.73333333,465.1,52.12766667,1985.666667,1.633333333
79,1987,7,0.203225806,0.318064516,4.806451613,0.341290323,43.35483871,3.677419355,16.74193548,345.516129,15.32645161,1243.322581,1.319354839
80,1987,8,0.736,0.298064516,4.538709677,0.93,23.19354839,2.587096774,11.38387097,227.3548387,0.81483871,826.9677419,1.110322581
81,1987,9,0.99862069,0.675333333,4.356666667,31.98266667,18.5,2.453333333,18.41333333,348.4333333,0.412666667,697.3,1.184
82,1987,10,0.578064516,1.472258065,4.493548387,0.342580645,15.38709677,2.441935484,22.87096774,182.9354839,0.046451613,381.1290323,1.519032258
83,1987,11,0.659666667,1.58,4.39,0,14.43333333,2.38,31.53333333,271,0.046666667,1262.633333,2.34
84,1987,12,0.69,5.297419355,3.858064516,0,11.27419355,2.170967742,33.4516129,400.6451613,85.05903226,3520,2.438709677
85,1988,1,0.847096774,14.66451613,4.009677419,0,12.20967742,1.890322581,40.13793103,678.5806452,0.488387097,2517.419355,3.241935484
86,1988,2,0.800689655,4.313793103,4.255172414,0,10.2,1.865517241,82.68965517,509.0344828,0.86862069,2214.482759,2.74137931
87,1988,3,0.749354839,5.590322581,4.264516129,0,11.87096774,2.080645161,80.25,387.4193548,0.890322581,2729.354839,2.283870968
88,1988,4,0.596333333,2.928666667,4.416666667,0,19.23333333,1.993333333,47.83333333,626.8,6.751,3068,2.056666667
89,1988,5,0.416774194,1.014193548,4.680645161,0.135483871,50.5483871,7.332258065,29.96774194,336.5483871,0.390967742,2802.258065,1.603225806
90,1988,6,0.251,0.365,3.58,1.45,67.76666667,2.25,30.6,209.5333333,3.353333333,2278.666667,1.186666667
91,1988,7,0.776666667,0.233870968,2.903225806,0.309677419,33.5483871,1.738709677,29.35483871,244.8064516,0.088064516,1675.16129,0.784516129
92,1988,8,1.860357143,0.124193548,3.325806452,0.000967742,24.06451613,1.467741935,27.96774194,196.6451613,0,1009.451613,1.433548387
93,1988,9,4.978571429,0.105333333,3.17,43.28266667,35.66666667,1.56,69.54545455,181.5666667,0.909666667,1024.733333,1.000333333
94,1988,10,2.867741935,0.19,3.522580645,51.31387097,28.29032258,1.55483871,45.80645161,227.6451613,0.153870968,3148.322581,1.112903226
95,1988,11,1.293333333,0.975333333,3.583333333,33.186,19.3,1.51,27.73333333,305.3,0.075666667,4386.666667,1.4
96,1988,12,1.25483871,4.762903226,3.44516129,0,14.09032258,1.464516129,40.67741935,257.7741935,0.049032258,2799.677419,2.303225806
97,1989,1,1.374193548,2.696774194,3.374193548,0,11.02580645,1.403225806,45.80645161,503.7096774,0.108387097,3387.741935,2.012903226
98,1989,2,1.188571429,1.907142857,3.667857143,0,14.30357143,1.164285714,48.07142857,453.6785714,12.28178571,1950.357143,2.339285714
99,1989,3,0.927419355,1.381935484,4.174193548,0,36.41935484,1.441935484,60.38709677,813.8387097,4.460967742,2551.290323,2.75483871
100,1989,4,0.667666667,0.586666667,2.88,7.633333333,57.63333333,2.413333333,26.7,547.3333333,0.17,3035.333333,1.876666667
101,1989,5,0.520322581,0.267096774,2.667741935,24.55,80.74193548,14.82903226,17.64516129,580.0322581,453.16,1685.16129,1.364516129
102,1989,6,0.109333333,0.095333333,2.413333333,7.453666667,52.13333333,11.94,11.94,1045.2,472.7536667,1936,0.989333333
103,1989,7,0.386,0.073225806,2.232258065,1.310322581,24.90322581,5.04516129,15.25806452,1487.677419,0.767741935,1564.516129,0.716129032
104,1989,8,0.701,0.078709677,2.206451613,0.013548387,22.09677419,3.016129032,25.77419355,702.5483871,0.576451613,1066.677419,0.847419355
105,1989,9,0.637586207,0.087666667,2.14,0.433333333,16.86666667,2.42,28.13333333,686.1,24.722,649.8333333,0.787
106,1989,10,0.896,0.129677419,2.409677419,0,27.29032258,2.477419355,17.25806452,1096.967742,0.563870968,1773.580645,1.011290323
107,1989,11,0.818333333,0.441666667,2.436666667,0,15.1,2.376666667,13.23333333,643.8333333,0.35,5405,1.203333333
108,1989,12,0.902258065,0.923870968,2.429032258,0,11.33870968,2.493548387,22.12903226,683.8709677,0.081612903,3457.741935,1.487096774
109,1990,1,1.000322581,2.594516129,2.258064516,0,9.003225806,2.896774194,33.61290323,956,10.60709677,3449.677419,1.712903226
110,1990,2,0.959642857,4.203571429,2.210714286,0,8.971428571,2.289285714,32.28571429,1727.928571,29.91821429,4099.285714,1.832142857
111,1990,3,0.677096774,1.903225806,2.396774194,4.859677419,13.48387097,1.796774194,35.32258065,1652.258065,273.7096774,2534.83871,1.783870968
112,1990,4,0.443,0.678333333,2.226666667,38.31466667,35.83333333,6.89,26.56666667,888.2,686.4666667,2048.666667,1.576666667
113,1990,5,0.317741935,0.146129032,2.170967742,0.101612903,68.80645161,13.42580645,13.18387097,745.6451613,432.9129032,1907.741935,1.238709677
114,1990,6,0.276,0.089,1.973333333,0,93.13333333,8.33,8.52,388.7666667,59.406,2654.666667,0.944
115,1990,7,7.793214286,0.062580645,1.683870968,58.06193548,38.96774194,3.025806452,7.651612903,360.3870968,8.608064516,1483.548387,0.684516129
116,1990,8,4.975,0.051612903,1.664516129,0.512903226,31.06451613,2.183870968,5.064516129,293.2903226,4.068709677,1143.129032,0.658709677
117,1990,9,2.896666667,0.055333333,1.626666667,22.96733333,24.66666667,2.096666667,3.313333333,297.2333333,4.917666667,818.3666667,0.748666667
118,1990,10,1.719354839,0.053225806,2.122580645,12.74741935,22.06451613,2.122580645,3.14516129,469.3870968,0.124193548,2881.516129,0.671612903
119,1990,11,0.936333333,0.058,2.066666667,1.342666667,19.6,1.923333333,2.28,354.4333333,4.907,10692,1.029
120,1990,12,0.850645161,0.072580645,2.048387097,0,12.93548387,1.787096774,2.277419355,651.8064516,0.092580645,3680.967742,1.232258065
121,1991,1,1.141935484,0.06516129,1.838709677,0,15.38709677,1.735483871,3.938709677,879.7741935,26.10903226,3565.806452,1.441935484
122,1991,2,1.178571429,0.248571429,2.075,0,16.03571429,1.782142857,4.678571429,696.2857143,0.233928571,6113.928571,1.513214286
123,1991,3,1.141935484,146.2516129,2.112903226,0,15.93548387,1.758064516,12.36129032,955.483871,1.206451613,1866.451613,7.812903226
124,1991,4,0.851,2.260666667,1.98,1.218,44.8,2.48,51.96428571,1187.9,0.294333333,2370,5.81
125,1991,5,0.552580645,0.323225806,2.006451613,188.2032258,128.1290323,10.08709677,61.39130435,1173.774194,19.9783871,1630.967742,3.429032258
126,1991,6,0.48,0.121333333,1.683333333,10.098,117.6666667,18.34333333,92.33333333,759.4,4.764333333,1314.333333,2.373333333
127,1991,7,0.256451613,0.077096774,1.577419355,0.156774194,48.06451613,9.119354839,95.75,622.1290323,0.30483871,1355.645161,1.34516129
128,1991,8,0.601612903,0.102903226,2.158064516,21.11677419,35.87096774,3.14516129,81.875,704.1290323,0.362580645,2557.16129,1.109677419
129,1991,9,0.521,0.061,1.61,25.70466667,29.86666667,2.506666667,42.2,584.8,1.757666667,1661.666667,0.976666667
130,1991,10,0.292580645,0.057741935,1.632258065,0.000967742,20.93548387,2.312903226,40.5483871,314.1612903,11.36290323,835.6774194,0.889032258
131,1991,11,0.599666667,0.073333333,1.733333333,0,13.36666667,1.843333333,23.1,389.1333333,9.416,3920.166667,1.236666667
132,1991,12,0.847741935,0.384193548,2.103225806,10.51612903,11.87096774,1.841935484,16.61290323,758.9677419,302.5329032,3457.419355,1.603225806
133,1992,1,0.843870968,3.64,1.887096774,11.67709677,12.61290323,1.6,15,586.7096774,84.46451613,5369.677419,1.919354839
134,1992,2,0.883793103,50.71034483,1.727586207,5.192413793,12.17241379,1.720689655,21.82758621,749.3103448,55.13103448,3578.62069,3.693103448
135,1992,3,0.959354839,25.32580645,1.680645161,38.32258065,15.77419355,1.764516129,18.74193548,997.6451613,28.78709677,1261.322581,3.44516129
136,1992,4,1.211333333,0.866333333,1.65,21.574,61.83333333,1.75,12.11,660.2,4.203333333,2493.2,4.06
137,1992,5,0.627096774,0.07,1.561290323,132.7693548,129.4516129,1.616129032,7.083870968,544.1612903,348.2,1774.516129,2.090322581
138,1992,6,0.415,0.076333333,1.23,16.94,110.9666667,2.01,7.68,892.3666667,507.8,1284.9,1.49
139,1992,7,0.463333333,0.05,1.219354839,0,49.25806452,4.835483871,6.158064516,434.3548387,31.57580645,1011.870968,1.150645161
140,1992,8,0.915666667,0.019354839,1.164516129,2.068387097,32.51612903,2.158064516,8.74516129,755.8064516,0.562258065,885.0322581,1.087741935
141,1992,9,0.818,0.030333333,1.17,10.41966667,25.13333333,1.51,19.33333333,844.4333333,1.307333333,1107.733333,0.903666667
142,1992,10,0.517419355,0.104516129,1.325806452,0.292258065,17.51612903,1.603225806,46.87096774,617.8709677,0.09516129,1406.903226,1.171612903
143,1992,11,0.688333333,0.085666667,1.416666667,0.484333333,13.13333333,1.59,36.33333333,1411.6,9.099,2711,1.55
144,1992,12,0.79483871,2.543225806,1.348387097,0,12.12903226,1.709677419,58.83870968,1322.129032,28.4916129,2075.16129,2.709677419
145,1993,1,49.73444444,207.0322581,1.358064516,0,10.6516129,1.238709677,57.35483871,1450.322581,5.716129032,2038.516129,46.49677419
146,1993,2,,102.9285714,1.396428571,0,11.21428571,1.367857143,79.21428571,1019.285714,125.0321429,1120.535714,23.60714286
147,1993,3,7.136666667,46.93548387,3.003225806,48.1,20.29032258,3.135483871,86.23809524,1186.193548,129.5806452,2182.258065,15.12903226
148,1993,4,6.5,12.89,6.023333333,0.057666667,41.9,7.253333333,74.17647059,1150.7,9.286666667,2630.666667,10.47333333
149,1993,5,2.248387097,2.418709677,7.587096774,178.2580645,138.9354839,4.55483871,37.22580645,832.0967742,320.4580645,2760.645161,8.14516129
150,1993,6,1.23,0.374,4.453333333,15.31,199.5333333,4.106666667,38.4,449.5666667,121.91,2032.666667,4.71
151,1993,7,1.688666667,0.06483871,3.14516129,0.00516129,83.16129032,32.93225806,64.32142857,279.9354839,0.307096774,1168.16129,3.312903226
152,1993,8,1.906551724,0.071290323,2.532258065,0.000322581,59.77419355,8.112903226,24,213.3548387,0.551290323,1020.322581,3.003225806
153,1993,9,1.590333333,0.174,2.403333333,6.992,53.23333333,4.593333333,24.7,204.2333333,14.94066667,602.6666667,2.776666667
154,1993,10,0.819677419,0.98,2.567741935,0,25.19354839,3.44516129,16.74193548,147.4193548,0.140645161,890.6129032,2.758064516
155,1993,11,0.932,1.736666667,2.38,0,19.4,2.84,12.2,275.6666667,0.048333333,1022.3,3.233333333
156,1993,12,1.106451613,2.277419355,2.322580645,0,16.48387097,2.425806452,9.1,391.8709677,0.209032258,3943.870968,3.235483871
157,1994,1,1.151612903,3.387096774,2.183870968,0,10.98387097,2.190322581,23.03225806,624.8709677,0.108387097,3218.064516,3.161290323
158,1994,2,1.192857143,14.39642857,2.175,0,10.14642857,1.817857143,49.85714286,744.8571429,2.565714286,3035.714286,5.421428571
159,1994,3,0.810645161,2.516129032,2.403225806,1.314516129,29.29032258,5.35483871,44.77419355,1016.129032,3.188064516,4076.451613,3.948387097
160,1994,4,0.942666667,1.886666667,2.516666667,15.8,67.8,10.86666667,19.13333333,1016.866667,9.341,2155,2.856666667
161,1994,5,0.817419355,1.356129032,2.177419355,11.89032258,159.7096774,11.03548387,8.332258065,490.6451613,168.9580645,1569.032258,2.15483871
162,1994,6,0.388333333,0.364333333,1.87,26.03533333,191.6666667,15.26,43.43666667,537.6333333,4.139,1998.666667,1.366333333
163,1994,7,0.375483871,0.138064516,1.674193548,0.106774194,61.22580645,4.693548387,67.7037037,717.3548387,0.311612903,1393.483871,1.030645161
164,1994,8,0.456538462,0.168387097,1.835483871,9.262258065,27.96774194,2.658064516,78,1355.354839,10.07612903,759.7419355,0.976774194
165,1994,9,0.509666667,0.422333333,1.446666667,1.084666667,26.16666667,2.33,,744.1333333,8.997333333,904.1,0.912333333
166,1994,10,0.470645161,0.866774194,1.625806452,0.566774194,18.80645161,2.232258065,,838.8064516,5.907741935,1273.741935,1.2
167,1994,11,0.882758621,1.621,1.813333333,0,18.83333333,2.106666667,,664.7,85.85466667,2925.333333,1.57
168,1994,12,3.831724138,1.906451613,1.867741935,5.390645161,14.06451613,2.012903226,,821.2580645,19.92258065,6329.677419,1.761290323
169,1995,1,5.675862069,120.9677419,1.809677419,0.079677419,11.93548387,1.941935484,,1121.806452,3.177419355,3719.032258,9.04516129
170,1995,2,5.307142857,9.771428571,1.960714286,0,15.17857143,1.746428571,81.59090909,1112.928571,1.251785714,4915.714286,8.157142857
171,1995,3,5.567741935,422.2419355,3.012903226,1.914193548,26.41935484,1.777419355,65.90322581,1164.16129,15.67322581,3019.354839,20.57096774
172,1995,4,1.506333333,34.83333333,3.18,0,30.43333333,2.06,64,638.0333333,25.87333333,1706.333333,7.783333333
173,1995,5,0.855806452,14.54193548,7.219354839,7.935483871,104.1612903,2.983870968,26.96774194,431.0645161,155.5,1531.290323,5.403225806
174,1995,6,0.565,5.606666667,6.19,23.256,274.3333333,3.933333333,18.36666667,495.0666667,35.388,1611,3.63
175,1995,7,4.431612903,2.922580645,3.864516129,6.069677419,156.1612903,6.364516129,44.93333333,407.3548387,0.699032258,1404.580645,2.422580645
176,1995,8,1.022758621,1.206451613,3.432258065,0.110645161,53.67741935,2.896774194,56.45833333,659,48.67290323,1105.290323,1.974193548
177,1995,9,0.637666667,2.02,3.523333333,143.243,35.26666667,2.03,,419.9,0.203666667,883.1666667,1.913333333
178,1995,10,0.439032258,2.058064516,3.25483871,0.126774194,23.77419355,1.761290323,,924.9354839,0.033870968,3677.419355,1.990322581
179,1995,11,0.543,1.993333333,3.373333333,74.875,16.63333333,1.91,84.36363636,909.9666667,0.021,10050,2.166666667
180,1995,12,0.620967742,3.825806452,2.951612903,0.180645161,13.19354839,1.603225806,60.38709677,566.1290323,0.051290323,5584.83871,2.312903226
181,1996,1,0.786451613,9.180645161,2.609677419,0,11.87096774,1.448387097,,1233.612903,0.064516129,3908.709677,2.390322581
182,1996,2,0.89137931,74.75172414,2.579310345,0,12.17241379,1.551724138,79.66666667,1260.034483,0.103103448,3867.931034,3.251724138
183,1996,3,0.706129032,41.87419355,2.564516129,0.000322581,12.16129032,5.519354839,84.5,959.8064516,3.292580645,1547.419355,3.358064516
184,1996,4,0.438,6.41,2.786666667,0.000333333,18.26666667,6.98,87.57142857,734.0333333,0.520666667,2894,2.206666667
185,1996,5,0.340322581,3.406451613,3.012903226,0,40.87096774,6.006451613,47.38709677,576.3225806,0.088709677,2110.322581,1.477419355
186,1996,6,0.100666667,2.176666667,3.09,0.000333333,20.96666667,4.476666667,39.26666667,648.5,0.007333333,1484.666667,1.027333333
187,1996,7,4.096551724,1.619354839,2.425806452,1.564193548,16.77419355,2.467741935,47.4516129,307.6129032,0,1292.903226,0.870322581
188,1996,8,5.8025,1.118064516,1.925806452,19.19064516,14.16129032,2.064516129,38.77419355,557.516129,0.023548387,888.9032258,0.762258065
189,1996,9,1.235517241,1.042,1.95,117.588,16.7,1.383333333,31.5,606.1666667,1.034333333,881.1,0.917333333
190,1996,10,0.34,3.416129032,2.180645161,9.990322581,13.5483871,1.435483871,57.8,451.3225806,0.266774194,2636.16129,1.026451613
191,1996,11,0.402,5.44,2.396666667,0,11.25666667,1.313333333,32.66666667,462.9333333,14.14233333,2888.333333,1.693333333
192,1996,12,0.570967742,55.03870968,2.474193548,0,9.85483871,1.393548387,29.25806452,945.2258065,1.63,3787.419355,2.351612903
193,1997,1,0.607096774,183.0967742,2.54516129,0,9.893548387,1.058387097,26.90322581,789.8064516,0.062580645,5873.870968,4.203225806
194,1997,2,0.460714286,30.07142857,2.482142857,0,9.657142857,0.953928571,25.57142857,906.2142857,410.98,3031.428571,3
195,1997,3,0.478387097,16.04193548,4.612903226,1.052903226,18.92903226,1.996774194,20.03225806,1328.645161,5.190322581,5399.677419,2.422580645
196,1997,4,0.551666667,5.786666667,6.123333333,32.1,26.86666667,2.863333333,14.23333333,1017.166667,18.47333333,2973.333333,2.043333333
197,1997,5,0.337419355,2.45483871,6.287096774,3.918387097,112.2903226,9.377419355,10.08064516,838.9677419,205.1516129,2914.516129,1.33516129
198,1997,6,0.197333333,1.436666667,5.203333333,77.18266667,151.7666667,7.056666667,12.70333333,777.7,15.74033333,2799.666667,1.009666667
199,1997,7,0.193,1.248387097,3.703225806,0.015483871,49.32258065,4.196774194,19.09677419,499.3225806,0.366129032,2632.258065,0.811290323
200,1997,8,11.40275862,1.080322581,2.909677419,0,29.64516129,2.403225806,25.38709677,315.4193548,0.093548387,1475.16129,0.708709677
201,1997,9,7.426896552,1.65,3.236666667,0,20.5,1.913333333,13.23,309.6,0,1495.833333,1.456666667
202,1997,10,0.193225806,2.564516129,3.196774194,0.059032258,18.5483871,1.738709677,9.983870968,421.3548387,0,4231.935484,1.312903226
203,1997,11,0.417666667,8.31,3.22,0,13.83333333,1.526666667,27.06666667,365.8333333,0,3125.333333,1.753333333
204,1997,12,0.660645161,33.93548387,3.187096774,0,11.24516129,1.119354839,33.83333333,450.483871,14.26,2917.096774,2.796774194
205,1998,1,0.430322581,44.74193548,3.070967742,0,9.541935484,1,,1454.516129,13.62387097,4381.612903,2.925806452
206,1998,2,0.569642857,583.2857143,3.164285714,0,9.375,1,,1484.821429,4.207142857,3094.285714,12.72857143
207,1998,3,0.571290323,107.2903226,4.964516129,0,13.34516129,1.137741935,,1341.451613,276.9290323,2433.225806,7.580645161
208,1998,4,0.337666667,90.4,16.32333333,0,23.46666667,1.74,55.45,1281.7,3.583333333,1172,7.36
209,1998,5,0.116129032,90.12903226,16.5483871,0,86.38709677,2.077419355,17.90322581,976.483871,0.766129032,1833.870968,6.861290323
210,1998,6,0.016,33.93333333,10.45666667,0,82.2,6.216666667,8.496666667,575.3,0.222666667,1715,4.323333333
211,1998,7,10.5948,14.41935484,7.648387097,0,42.61290323,11.46774194,14.73870968,340.8387097,0,1370.967742,2.738709677
212,1998,8,0.487586207,6.109677419,6.35483871,66.22870968,26.80645161,4.287096774,32.03225806,262.9354839,0,890.4516129,2.148387097
213,1998,9,0.195,4.463333333,6.17,18.31533333,18.1,2.193333333,50.96428571,164.6666667,0,635.7,1.836666667
214,1998,10,0.176451613,6.974193548,6.44516129,0,18.48387097,1.512903226,72.875,300.2580645,0,1344.354839,1.948387097
215,1998,11,0.264666667,8.333333333,6.17,0,18.83333333,1.806666667,36.13333333,293.9333333,0,6858.133333,2.323333333
216,1998,12,0.469032258,9.835483871,5.35483871,0,13.29032258,1.838709677,24.29032258,331.9032258,0.001612903,6430,2.329032258
217,1999,1,0.420322581,10.78709677,5.048387097,0,9.535483871,1.670967742,28.5483871,619.9032258,0.006774194,4751.935484,2.15483871
218,1999,2,0.375357143,12.86785714,4.875,0,9.278571429,1.210714286,33.82142857,857.9285714,0.137857143,5514.642857,2.157142857
219,1999,3,0.331935484,13.35806452,4.7,34.90322581,12.16129032,1.258064516,18.51612903,602.3870968,23.29709677,3476.129032,1.983870968
220,1999,4,0.322666667,23.58666667,4.78,0.937333333,19.9,1.95,9.52,687.3333333,27.46266667,1823.666667,1.883333333
221,1999,5,0.203870968,4.667741935,6.329032258,0.262903226,72.83870968,10.41612903,10.00322581,558.4516129,21.98935484,2270.967742,1.387741935
222,1999,6,0.061666667,2.62,4.57,8.360666667,86.7,10.07666667,10.91,409,0.420333333,2967.666667,0.867333333
223,1999,7,33.33884615,2.235483871,3.44516129,0.003225806,45.96774194,3.487096774,37.4516129,412.3548387,0.001935484,2820.322581,0.997419355
224,1999,8,19.38125,2.212903226,3.470967742,397.9745161,40.12903226,1.822580645,25.06451613,220.5806452,0,2294.193548,0.710967742
225,1999,9,5.632142857,2.41,3.643333333,0.428,20.86666667,1.513333333,42.5,173.0333333,0,1040.433333,0.812666667
226,1999,10,1.567741935,3.164516129,3.516129032,1.598709677,16.16129032,1.738709677,74.4375,377.7419355,0,1802.096774,1.09
227,1999,11,1.033333333,4.53,3.423333333,0,11.63333333,1.606666667,70.53571429,497.9333333,0,6023,1.58
228,1999,12,1.137419355,4.5,3.177419355,0,9.54516129,1.512903226,36.87096774,551.3870968,0,6127.096774,1.658064516
229,2000,1,1.089354839,17.21290323,3.25483871,0,9.309677419,1.451612903,31.80645161,512.4516129,0,2486.451613,1.761290323
230,2000,2,0.957586207,110.1034483,3.448275862,0,9.193103448,1.468965517,29.5862069,508.3103448,0.001034483,2130,2.617241379
231,2000,3,0.954193548,70,3.590322581,0.220967742,10.00645161,1.532258065,18.4516129,627.9677419,0.004516129,2056.451613,2.480645161
232,2000,4,0.646666667,21.28,4.323333333,0,16.4,1.476666667,11.13,755.7333333,0.019666667,1999.333333,1.996666667
233,2000,5,0.36516129,3.716129032,4.264516129,0.61,28.32258065,1.848387097,4.841935484,472.7741935,14.36387097,2500.967742,1.33
234,2000,6,0.280689655,1.425666667,3.286666667,16.01666667,20.23333333,1.976666667,2.656666667,275.0333333,0.374,2989.666667,0.766666667
235,2000,7,0.272333333,0.778387097,3.693548387,0,11.5483871,1.409677419,4.603225806,186.516129,0.193225806,1830.645161,0.496129032
236,2000,8,28.48666667,0.726451613,4.087096774,0.001935484,12.60322581,1.219354839,12.65806452,194.0322581,0,1274.129032,0.6
237,2000,9,4.803571429,0.898,2.81,0.221666667,11.03333333,1.37,9.086666667,174.5333333,0,1091.533333,0.82
238,2000,10,32.97777778,2.580645161,2.841935484,13.88064516,12.0483871,1.287096774,6.829032258,111.483871,4.458387097,2122.806452,1.069032258
239,2000,11,,3.426666667,3.116666667,18.36766667,8.573333333,1.193333333,4.043333333,252.2,87.762,1381.333333,1.37
240,2000,12,8.714285714,3.109677419,3.190322581,0,7.635483871,1.277419355,4.319354839,241.7741935,37.10645161,2232.580645,1.45483871
241,2001,1,5.932258065,18.97096774,2.667741935,0,6.867741935,1.293548387,4.893548387,333.7419355,41.16774194,2477.096774,1.629032258
242,2001,2,3.439285714,42.13928571,2.407142857,0,7.592857143,1.303571429,6.453571429,357.75,312.2107143,1640.5,1.760714286
243,2001,3,2.109677419,77.48387097,2.680645161,0,11.83225806,1.335483871,8.274193548,531.3225806,176.2967742,1545.064516,1.951612903
244,2001,4,1.766666667,4.743333333,2.783333333,0,34.73333333,1.406666667,15.26666667,390.8333333,4.763333333,1855.333333,1.856666667
245,2001,5,1.130967742,2.293548387,2.967741935,14.64645161,140.6451613,1.483870968,9.519354839,261.1612903,1.603870968,2277.741935,1.121290323
246,2001,6,0.924,0.814333333,2.5,0,115.3,2.573333333,6.81,237.4,0.111333333,1809,0.515
247,2001,7,0.94,0.95,2.277419355,0,38.12903226,1.9,10.77741935,259.7096774,0.007096774,1360.322581,0.430322581
248,2001,8,0.539354839,1.17516129,2.348387097,3.741935484,23.58064516,1.332258065,56.06451613,278,0,1904.612903,0.409354839
249,2001,9,0.297666667,0.857,2.706666667,431.3463333,15.96666667,1.136666667,53.23076923,323.6333333,0,1117.533333,0.568666667
250,2001,10,0.297419355,1.188709677,2.483870968,0.000967742,13.09677419,1.106451613,90,291.0645161,5.445806452,2120.741935,0.737419355
251,2001,11,0.288333333,4.2,2.386666667,581.3403333,11.48333333,1.07,86.83333333,235.7666667,0.006333333,5297.666667,1.181333333
252,2001,12,0.547419355,12.9516129,1.687096774,0.736129032,9.970967742,0.929354839,47,372.8387097,0.001290323,5683.225806,1.4
253,2002,1,0.545806452,12.61935484,2.151612903,0,10.00645161,0.901612903,41.16129032,495.516129,0,6031.612903,1.44516129
254,2002,2,0.658214286,3.692857143,2.271428571,0,10.14642857,0.993571429,42.42857143,446.7857143,0,4427.142857,1.367857143
255,2002,3,0.608064516,4.106451613,2.738709677,0,10.4483871,1.119354839,54.96774194,564.5806452,0.019032258,2506.774194,1.312903226
256,2002,4,0.347,2.32,2.313333333,0,11.5,1.203333333,23.23333333,549.6666667,31.217,2877,0.981666667
257,2002,5,0.287096774,1.459677419,2.012903226,34.17419355,12.70967742,1.448387097,9.577419355,464.0645161,0,1816.129032,0.651935484
258,2002,6,0.087333333,0.464,1.92,0,8.436666667,7.843333333,10.68333333,278.2333333,48.16066667,2406.666667,0.246666667
259,2002,7,0.077419355,0.159032258,2.4,858.3635484,7.606451613,4.229032258,65.74193548,242.9032258,0.460645161,1765.806452,0.130322581
260,2002,8,0.157096774,0.10483871,1.851612903,0.100645161,6.390322581,3.016129032,85.07692308,169.4516129,0,962.9032258,0.148709677
261,2002,9,0.157666667,0.142666667,1.953333333,949.6433333,8.126666667,1.74,99,570.0666667,0,698.3,0.339666667
262,2002,10,0.141290323,0.975806452,1.916129032,93.21580645,9.490322581,1.470967742,62.57142857,447.0645161,1.233870968,457.7096774,0.662258065
263,2002,11,0.250666667,3.32,2.076666667,10.62666667,7.96,1.35,29.26666667,672.3333333,0.024666667,3166.366667,1.940333333
264,2002,12,0.315483871,31.34193548,2.280645161,0.421290323,6.974193548,1.206451613,31.76923077,777.6129032,2.824516129,3507.16129,1.687096774
265,2003,1,0.335483871,5.625806452,2.267741935,0.154193548,7.232258065,1.064193548,89.28571429,612.3548387,0.450645161,4700,1.561290323
266,2003,2,0.368928571,6.885714286,2.217857143,8.715,7.271428571,1.013928571,76.22222222,729.6071429,0,2148.214286,2.721428571
267,2003,3,0.372903226,9.422580645,2.577419355,0.810322581,10.99354839,1.071935484,,856.483871,0,5217.419355,4.470967742
268,2003,4,0.264333333,3.696666667,2.006666667,0.008333333,28.76666667,1.88,57.47619048,849.6,0,2549.666667,2.4
269,2003,5,0.203548387,15.55290323,1.861290323,0,63.22580645,4.44516129,23.29032258,1066.612903,0.948387097,1391.935484,1.677419355
270,2003,6,0.039666667,0.152,1.536666667,15.555,64.4,2.616666667,23.09090909,910.9666667,1.856,1603.666667,1.047333333
271,2003,7,0.014516129,0.150967742,1.493548387,14.64870968,22.64516129,1.383870968,88.36363636,975.4193548,0,1300,0.749677419
272,2003,8,0.083870968,0.208064516,1.390322581,0,16.09677419,1.193548387,85.76190476,828.1935484,0.013870968,805,0.862258065
273,2003,9,0.03,0.379666667,1.493333333,104.009,21.4,1.126666667,69.53333333,907.7666667,3.815,644.1333333,0.688333333
274,2003,10,0.057096774,0.450645161,1.470967742,437.6451613,15.93548387,1.135483871,57.51612903,471.6451613,0,6831.258065,0.630967742
275,2003,11,0.149333333,1.092333333,1.553333333,4.087,11.31333333,1.076666667,28.23333333,792.2666667,0,4741,1.105666667
276,2003,12,0.222580645,1.903225806,1.925806452,0.552580645,8.5,1.058064516,20.93548387,854.483871,0,3789.032258,1.606451613
277,2004,1,0.367741935,2.138709677,2.2,0.281612903,6.435483871,1,18.74193548,578.3870968,0,3745.806452,1.561290323
278,2004,2,0.362758621,11.21034483,2.503448276,36.58206897,7.327586207,1.024137931,24.79310345,839.4482759,3.92137931,2538.62069,2.04137931
279,2004,3,0.232580645,2.341935484,2.764516129,35.70645161,14.03225806,1.264516129,31.96774194,511.2580645,8.462580645,2150.645161,2.151612903
280,2004,4,0.230666667,0.627666667,3.243333333,85.84,19.6,2.75,20.36666667,478.3,63.79,1490.333333,1.556666667
281,2004,5,0.071935484,0.17483871,2.85483871,3.621290323,61.80645161,4.832258065,46.87096774,470.6451613,0.923870968,1503.548387,0.956129032
282,2004,6,0.007666667,0.087333333,1.996666667,38.75333333,38.8,11.01333333,17.66666667,521.1333333,2.968666667,1990,0.594
283,2004,7,0.059354839,0.038064516,1.770967742,1000.76129,20,3.051612903,16.12903226,533.0967742,7.301935484,1358.709677,0.320322581
284,2004,8,0.34,0.229677419,1.664516129,12.38967742,17,1.574193548,31.15789474,435.1612903,1.228064516,1356.774194,0.309677419
285,2004,9,0,0.624333333,1.566666667,175.3733333,16.26666667,1.33,85,2619.233333,0,1783.9,0.408666667
286,2004,10,0.017096774,0.667419355,2.338709677,24.37612903,15.5483871,1.464516129,,729.8064516,1.450967742,1796.741935,1.536451613
287,2004,11,0.101666667,0.884666667,2.17,10.828,12.83333333,1.283333333,92.66666667,839.5666667,105.3493333,3215,1.753333333
288,2004,12,0.181935484,76.10903226,2.377419355,0.340322581,10.02580645,1.280645161,69.16129032,1151.774194,3.832258065,4269.032258,3.064516129
289,2005,1,0.202580645,87.62903226,2.887096774,0.154516129,10.19354839,1.183870968,83.12903226,738,115.3993548,3906.129032,29.27741935
290,2005,2,0.196071429,91.06071429,2.907142857,0.013571429,10.625,1.057142857,64.46428571,665.7142857,6.444642857,1472.571429,9.085714286
291,2005,3,0.213225806,49.25806452,3.074193548,65.39258065,11.80645161,1.170967742,61.68965517,732.516129,0.921935484,1997.290323,8.335483871
292,2005,4,0.158,15.23333333,11.66333333,0.417666667,45.13333333,3.626666667,54.96666667,908.8,0,2850,6.053333333
293,2005,5,0.056774194,6.651612903,21.67741935,0.017741935,175.9677419,1.880645161,33.93548387,602.3548387,0,2446.774194,4.583870968
294,2005,6,0.000666667,0.822333333,9.49,0.000333333,168.2666667,15.56666667,48.72727273,1562.466667,5.887333333,1384,3.013333333
295,2005,7,0,0.261612903,7.106451613,97.32258065,64.93548387,3.84516129,,1896.741935,0,1324.419355,2.351612903
296,2005,8,0.136451613,0.245483871,5.9,4.47483871,32.48387097,1.870967742,,1120.387097,0.430967742,838.6129032,2.119354839
297,2005,9,0.016333333,0.471333333,5.52,0.016333333,20.9,1.56,,636.3333333,0,745.6,1.68
298,2005,10,0.013548387,0.501935484,5.558064516,31.36,24.4516129,1.719354839,,403.5806452,0,1814.225806,2.051612903
299,2005,11,0.081666667,1.294666667,5.196666667,0.003333333,16.93333333,1.373333333,83.83333333,448.2,0,2643.333333,1.946666667
300,2005,12,0.137096774,2.190322581,4.880645161,0.002580645,12.19032258,1.435483871,88.5,763.8064516,0,3991.774194,1.906451613
301,2006,1,0.152258065,21.95322581,4.748387097,0.001612903,11.59677419,1.364516129,61.74193548,803.4193548,0,6938.709677,2.332258065
302,2006,2,0.136785714,1.158571429,4.95,0,11.67857143,1.360714286,73.07692308,682.8928571,0,3123.928571,2.85
303,2006,3,0.140322581,22.33870968,6.44516129,0,11.5,1.45483871,43.70967742,470.1612903,2.088709677,2178.064516,3.335483871
304,2006,4,0.107666667,80.4,11.75333333,0,18.66666667,9.57,17.56666667,411.3,0.065,1549.666667,4.39
305,2006,5,0.027096774,13.12258065,7.941935484,6.353870968,28.5483871,5.177419355,9.303225806,298.1290323,43.91258065,1935.16129,2.422580645
306,2006,6,0.004,2.316,5.586666667,0.022333333,20.43333333,4.793333333,7.593333333,279.6333333,0,2320.666667,1.47
307,2006,7,0.171290323,0.354193548,4.906451613,10.78322581,14.5483871,2.496774194,8.24516129,219.4193548,0,1524.677419,1.139032258
308,2006,8,37.99111111,0.150322581,4.474193548,0,20.64516129,1.451612903,4.94516129,167.1935484,0,811.3225806,1.017741935
309,2006,9,10.324,0.188666667,4.633333333,221.7016667,22.16666667,1.466666667,4.58,320.8,0.549666667,627.8,1.132666667
310,2006,10,1.82483871,1.295483871,4.716129032,11.86741935,21.87096774,2.064516129,3.819354839,322.5806452,0.016451613,543.3548387,1.238709677
311,2006,11,0.816,1.773333333,4.893333333,0.013666667,15.78333333,1.916666667,4.25,484.7,2.327333333,8450.1,1.513333333
312,2006,12,0.539032258,2.058064516,4.525806452,4.5,11.43548387,1.535483871,5.319354839,552.5483871,13.71258065,4371.612903,1.616129032
313,2007,1,0.653548387,2.016129032,4.048387097,56.28709677,10.59677419,1.280645161,7.190322581,1009.483871,8.576451613,4480.645161,1.038709677
314,2007,2,1.193214286,2.142857143,4.071428571,2.678214286,10.875,1.217857143,9.928571429,425.4642857,0.0025,2837.857143,1.153571429
315,2007,3,0.549677419,1.239354839,4.251612903,1.70516129,17.41935484,1.496774194,8.367741935,638.1612903,85.80645161,5130,1.077419355
316,2007,4,0.34,1.512,4.28,0.115,24.86666667,7.403333333,4.88,394.6,63.827,2263,0.782
317,2007,5,0.216451613,0.854516129,3.603225806,14.9783871,75.41935484,21.4516129,3.380645161,282.6129032,17.78,1856.451613,0.552580645
318,2007,6,0.01,0.135666667,3.36,135.1243333,76.36666667,25.02333333,3.666666667,214.6666667,207.7966667,2086.666667,0.356666667
319,2007,7,0.61,0.030322581,3.277419355,789.7483871,37.93548387,5.683870968,5.432258065,212.483871,28.80193548,2580.645161,0.320967742
320,2007,8,16.53913043,0.227096774,3.048387097,41.61935484,24.32258065,2.793548387,5.541935484,152.3870968,2.394193548,1122.741935,0.398709677
321,2007,9,3.026666667,0.098,2.776666667,44.58,23.36666667,2.113333333,6.38,130.4347826,0.172,748.5333333,0.564333333
322,2007,10,1.535483871,0.550645161,2.94516129,0.579354839,21.5483871,2.24516129,13.93225806,195.3333333,0,2950.967742,0.885806452
323,2007,11,0.958333333,0.977,2.836666667,0.056333333,16.26666667,2.273333333,12.96666667,161.4666667,0,2441.033333,1.366666667
324,2007,12,0.998709677,1.076774194,2.864516129,0.029032258,18.90322581,1.932258065,14.19354839,280.1612903,0,5351.935484,2.151612903
325,2008,1,1.161290323,57.07967742,2.174193548,0.015483871,14.80645161,1.738709677,14.09677419,367.1290323,0,2885.806452,5.232258065
326,2008,2,0.977241379,22.05862069,1.962413793,0.014137931,13.5862069,1.586206897,16.10344828,502.5862069,0,2066.896552,6.7
327,2008,3,0.582903226,1.948387097,3.170967742,0.012903226,23.93548387,1.429032258,17.61290323,836.8709677,40.48870968,1980.967742,5.274193548
328,2008,4,0.402666667,1.139,3.596666667,0.009,46.46666667,1.446666667,20.5,466.9666667,3.665,1404.333333,3.013333333
329,2008,5,0.378387097,0.438709677,4.309677419,0.014516129,129.6129032,24.65483871,8.04516129,351.0322581,0.492258065,2712.580645,2.109677419
330,2008,6,0.034333333,0.104,3.806666667,0,197.3666667,33.77,5.556666667,202.0333333,0,2490,1.317
331,2008,7,1.197037037,0.005483871,3.232258065,0,73.51612903,5.687096774,9.787096774,143.2903226,0,2016.774194,1.013870968
332,2008,8,6.494736842,0.029354839,2.893548387,7.459354839,37.77419355,3.519354839,18.33333333,607.3333333,0.011290323,1754.516129,0.886129032
333,2008,9,5.786956522,0.067,2.66,8.991666667,30.66666667,2.76,,188.7,2.128333333,958.7,0.648
334,2008,10,2.585483871,0.124516129,2.838709677,0,23.67741935,2.680645161,84.31578947,145.3870968,0,1681.548387,0.754193548
335,2008,11,0.881333333,0.287,2.983333333,0,17.6,2.703333333,46.76666667,171.5,0,5103.666667,0.975
336,2008,12,1,1.247741935,3.119354839,0,14.29032258,2.383870968,29.5483871,601.0322581,0,1789.677419,1.777419355
337,2009,1,1.300967742,1.871290323,2.85483871,0,15.22580645,2.093548387,24.22580645,634.3548387,0,4580.322581,1.964516129
338,2009,2,0.913214286,15.99535714,3.285714286,0,15.5,1.889285714,23.35714286,346.6785714,0,1094.857143,2.764285714
339,2009,3,0.563225806,11.64645161,3.541935484,0,21.64516129,1.674193548,15.29032258,662.4193548,0,1692.741935,2.403225806
340,2009,4,0.596333333,0.551333333,4.33,0,34.13333333,6.073333333,9.216666667,905.9666667,79.43333333,1788.333333,1.883333333
341,2009,5,0.235483871,0.091935484,4.996774194,10.85322581,141.3225806,26.08064516,9.455,1063.290323,131.0383871,2102.258065,1.293548387
342,2009,6,0.027333333,0.005333333,3.363333333,0,84.86666667,6.276666667,,727.0333333,0,1821.666667,0.980333333
343,2009,7,0.333666667,0.007419355,2.951612903,0,43.06451613,4.690322581,82.875,348,0.070967742,1153.096774,0.439032258
344,2009,8,0.329032258,0.02,2.825806452,0,26.09677419,3.016129032,91.61111111,264.1612903,0.019354839,763.6451613,0.377096774
345,2009,9,0.099666667,0.02,2.726666667,5.195,21.76666667,2.133333333,90.66666667,1145.066667,0.123,1029.066667,0.435666667